NAME	POS	SCHOOL	HT	WT	BMI	40YD	SPEED	VERTICAL	BROAD	BENCH	3CONE	SHUTTLE	YEAR	ROUND	SPORQ
Calvin Johnson	WR	Georgia Tech	6' 5"	239	28.34	4.35	133.5	-	-	-	-	-	2007	1	100.0
Jeff Caldwell	WR	Cincinnati	6' 5"	216	25.61	4.31	125.2	42.0	134.0	-	-	-	2026	TBD	99.9
D.K. Metcalf	WR	Mississippi	6' 3"	228	28.49	4.33	129.7	40.5	134.0	27	7.38	4.50	2019	2	99.8
Julio Jones	WR	Alabama	6' 3"	220	27.50	4.34	124.0	38.5	135.0	17	6.66	4.25	2011	1	99.7
Vincent Jackson	WR	Northern Colorado	6' 5"	241	28.58	4.46	121.8	39.0	-	-	-	-	2005	2	99.6
Andre Johnson	WR	Miami (FL)	6' 2"	230	29.53	4.41	121.6	39.0	132.0	-	-	-	2003	1	99.5
Henry Ruggs III	WR	Alabama	5' 11"	188	26.22	4.27	113.1	42.0	131.0	-	-	-	2020	1	99.4
Chris Chambers	WR	Wisconsin	6' 0"	210	28.48	4.33	119.5	45.0	134.0	-	-	4.00	2001	2	99.3
Chase Claypool	WR	Notre Dame	6' 4"	238	28.97	4.42	124.7	40.5	126.0	19	-	-	2020	2	99.2
Deion Burks	WR	Oklahoma	5' 10"	180	25.82	4.30	105.3	42.5	131.0	26	-	-	2026	TBD	99.2
Donte' Stallworth	WR	Tennessee	6' 0"	197	26.72	4.22	124.2	-	-	-	-	-	2002	1	99.1
Darrius Heyward-Bey	WR	Maryland	6' 2"	210	26.96	4.30	122.9	38.5	126.0	16	6.80	4.18	2009	1	99.0
Tyrone Calico	WR	Middle Tennessee State	6' 4"	223	27.14	4.34	125.7	38.0	127.0	-	6.73	4.26	2003	2	98.9
Matthew Golden	WR	Texas	5' 11"	191	26.64	4.29	112.8	-	-	-	-	-	2025	1	98.8
Santana Moss	WR	Miami (FL)	5' 10"	184	26.40	4.31	106.6	-	-	-	-	-	2001	1	98.7
Parris Campbell	WR	Ohio St.	6' 0"	205	27.80	4.31	118.8	40.0	135.0	11	-	4.03	2019	2	98.6
Chad Jackson	WR	Florida	6' 1"	213	28.10	4.32	122.3	38.5	122.0	-	6.73	3.97	2006	2	98.5
Clyde Gates	WR	Abilene Christian	6' 0"	192	26.04	4.31	111.3	40.0	131.0	16	-	-	2011	4	98.5
Tim Carter	WR	Auburn	6' 0"	190	25.77	4.32	109.1	39.0	126.0	-	6.68	3.93	2002	2	98.4
Chris Conley	WR	Georgia	6' 2"	213	27.34	4.35	119.0	45.0	139.0	18	7.06	4.30	2015	3	98.3
Quincy Enunwa	WR	Nebraska	6' 2"	225	28.89	4.41	119.0	-	-	19	-	-	2014	6	98.2
Miles Boykin	WR	Notre Dame	6' 4"	220	26.78	4.42	115.3	43.5	140.0	12	6.77	4.07	2019	3	98.1
Ja'Marr Chase	WR	LSU	6' 0"	201	27.26	4.34	113.3	41.0	132.0	-	6.96	3.99	2021	1	98.0
Kelley Washington	WR	Tennessee	6' 2"	223	28.63	4.42	116.9	-	-	-	-	-	2003	3	97.9
Troy Williamson	WR	South Carolina	6' 1"	203	26.78	4.32	116.6	-	-	-	6.99	-	2005	1	97.8
Louis Murphy	WR	Florida	6' 2"	203	26.06	4.32	116.6	-	-	12	-	-	2009	4	97.8
Michael Jenkins	WR	Ohio St.	6' 4"	218	26.53	4.40	116.3	-	-	-	-	-	2004	1	97.7
John Ross	WR	Washington	5' 11"	188	26.22	4.22	118.6	37.0	133.0	-	-	-	2017	1	97.6
Bryce Lance	WR	North Dakota State	6' 3"	204	25.50	4.34	115.0	41.5	133.0	-	7.00	4.15	2026	TBD	97.5
Aaron Dobson	WR	Marshall	6' 3"	210	26.25	4.37	115.2	-	-	-	-	-	2013	2	97.4
Trey Palmer	WR	Nebraska	6' 0"	192	26.04	4.33	109.2	-	-	-	-	-	2023	6	97.2
Robert Davis	WR	Georgia St.	6' 3"	219	27.37	4.44	112.7	41.0	136.0	19	6.82	4.28	2017	6	97.1
Stephen Hill	WR	Georgia Tech	6' 4"	215	26.17	4.36	119.0	39.5	133.0	14	6.88	4.48	2012	2	97.1
Bryce Ford-Wheaton	WR	West Virginia	6' 4"	221	26.90	4.38	120.1	41.0	129.0	-	6.97	4.15	2023	-	97.0
Mike Wallace	WR	Mississippi	6' 0"	199	26.99	4.33	113.2	40.0	129.0	14	6.90	4.27	2009	3	96.9
Donte Moncrief	WR	Mississippi	6' 2"	221	28.37	4.40	117.9	39.5	132.0	13	7.02	4.30	2014	3	96.8
Ryan Swope	WR	Texas A&M	6' 0"	205	27.80	4.34	115.6	37.0	125.0	16	6.76	4.25	2013	6	96.7
Kevin Kasper	WR	Iowa	6' 0"	199	26.99	4.42	104.3	43.5	126.0	-	6.56	3.73	2001	6	96.6
Drew Carter	WR	Ohio St.	6' 4"	204	24.83	4.36	112.9	-	-	-	-	-	2004	5	96.5
Rondale Moore	WR	Purdue	5' 7"	181	28.35	4.31	104.9	42.5	126.0	-	6.68	4.10	2021	2	96.4
Isaiah Weston	WR	Northern Iowa	6' 4"	214	26.05	4.42	112.1	40.0	135.0	20	-	-	2022	-	96.4
Santonio Holmes	WR	Ohio St.	5' 11"	188	26.22	4.35	105.0	-	-	-	-	-	2006	1	96.3
Christian Watson	WR	North Dakota St.	6' 4"	208	25.32	4.36	115.1	38.5	136.0	-	-	-	2022	2	96.2
Emanuel Hall	WR	Missouri	6' 2"	201	25.80	4.39	108.2	43.5	141.0	15	-	-	2019	-	96.1
Marquise Goodwin	WR	Texas	5' 9"	183	27.02	4.27	110.1	-	132.0	13	-	-	2013	3	96.0
Jon Baldwin	WR	Pittsburgh	6' 4"	228	27.75	4.49	112.2	42.0	129.0	20	7.07	4.34	2011	1	95.9
Larry Fitzgerald	WR	Pittsburgh	6' 3"	225	28.12	4.48	111.7	-	-	-	-	-	2004	1	95.8
Aldrick Robinson	WR	SMU	5' 10"	184	26.40	4.35	102.8	40.0	126.0	17	6.65	4.09	2011	6	95.7
Jaylin Noel	WR	Iowa St.	5' 10.5"	194	27.44	4.39	104.5	41.5	134.0	23	6.82	4.17	2025	3	95.6
Xavier Legette	WR	South Carolina	6' 1"	221	29.15	4.39	119.0	40.0	126.0	-	-	-	2024	1	95.6
Jaylin Lane	WR	Virginia Tech	5' 10"	191	27.40	4.34	107.7	40.0	130.0	14	6.75	4.12	2025	4	95.5
Sammie Coates	WR	Auburn	6' 1"	212	27.97	4.43	110.1	41.0	131.0	23	6.98	4.06	2015	3	95.4
Greg Little	WR	North Carolina	6' 2"	231	29.66	4.51	111.7	40.5	129.0	27	6.80	4.21	2011	2	95.3
Zavion Thomas	WR	LSU	5' 10"	190	27.26	4.28	113.2	36.0	-	-	-	-	2026	TBD	95.2
Johnnie Morant	WR	Syracuse	6' 4"	229	27.87	4.51	110.7	41.0	130.0	-	7.34	4.22	2004	5	95.1
D.J. Chark	WR	LSU	6' 3"	199	24.87	4.34	112.2	40.0	129.0	16	-	-	2018	2	95.0
Isaiah Neyor	WR	Nebraska	6' 4.5"	218	26.19	4.40	116.3	38.0	133.0	-	-	-	2025	-	94.9
Skyler Bell	WR	UConn	6' 0"	192	26.04	4.40	102.5	41.0	133.0	-	-	-	2026	TBD	94.9
Alec Pierce	WR	Cincinnati	6' 3"	211	26.37	4.41	111.6	40.5	129.0	-	7.13	4.28	2022	2	94.8
Xavier Worthy	WR	Texas	5' 11"	165	23.01	4.21	105.0	41.0	131.0	-	-	-	2024	1	94.7
Brenen Thompson	WR	Mississippi State	5' 9"	164	24.22	4.26	99.6	-	-	-	-	-	2026	TBD	94.6
Mark Harrison	WR	Rutgers	6' 3"	231	28.87	4.46	116.8	38.5	129.0	17	6.99	4.33	2013	-	94.5
Javon Walker	WR	Florida St.	6' 3"	210	26.25	4.38	114.1	39.5	128.0	-	6.86	4.05	2002	1	94.4
Justin Gage	WR	Missouri	6' 4"	217	26.41	4.45	110.7	-	-	-	-	-	2003	5	94.3
Denzel Mims	WR	Baylor	6' 3"	207	25.87	4.38	112.5	38.5	131.0	16	6.66	4.43	2020	2	94.2
David Terrell	WR	Michigan	6' 3"	213	26.62	4.43	110.6	-	-	-	-	-	2001	1	94.2
Jonathan Mingo	WR	Mississippi	6' 2"	220	28.24	4.46	111.2	39.5	129.0	22	-	-	2023	2	94.1
Cliff Russell	WR	Utah	5' 11"	185	25.80	4.36	102.4	-	-	-	-	-	2002	3	94.0
Mike Thomas	WR	Arizona	5' 8"	195	29.65	4.30	114.1	40.5	126.0	-	6.65	4.28	2009	4	93.9
Ken-Yon Rambo	WR	Ohio St.	6' 1"	196	25.86	4.34	110.5	-	-	-	-	-	2001	7	93.8
Adonai Mitchell	WR	Texas	6' 2"	205	26.32	4.34	115.6	39.5	126.0	-	-	-	2024	2	93.7
Savion Williams	WR	TCU	6' 4"	222	27.02	4.48	110.2	-	-	-	-	-	2025	3	93.6
Isaac TeSlaa	WR	Arkansas	6' 3.5"	214	26.39	4.43	111.1	39.5	129.0	17	6.85	4.05	2025	3	93.5
J. Michael Sturdivant	WR	Florida	6' 3"	207	25.87	4.40	110.5	39.0	131.0	-	-	-	2026	TBD	93.5
Jerome Mathis	WR	Kansas St.	5' 11"	181	25.24	4.28	107.9	35.5	123.0	-	-	-	2005	4	93.4
Devontez Walker	WR	North Carolina	6' 1.5"	193	25.12	4.36	106.8	40.5	134.0	-	-	-	2024	4	93.3
Ricardo Louis	WR	Auburn	6' 2"	215	27.60	4.43	111.6	38.0	132.0	18	-	-	2016	4	93.2
Odell Beckham Jr.	WR	LSU	5' 11"	198	27.61	4.38	107.6	38.5	122.0	7	6.69	3.94	2014	1	93.1
Travis Benjamin	WR	Miami (FL)	5' 10"	172	24.68	4.31	99.7	38.0	119.0	14	-	-	2012	4	93.0
Jerry Porter	WR	West Virginia	6' 2"	221	28.37	4.48	109.7	-	-	-	-	-	2000	2	92.9
Donovan Peoples-Jones	WR	Michigan	6' 2"	212	27.22	4.48	105.3	44.5	139.0	-	-	-	2020	6	92.8
Mark Bradley	WR	Oklahoma	6' 1"	201	26.52	4.37	110.2	39.5	128.0	-	6.96	3.98	2005	2	92.8
Brian Thomas Jr.	WR	LSU	6' 3"	209	26.12	4.33	118.9	38.5	126.0	11	-	-	2024	1	92.7
Bethel Johnson	WR	Texas A&M	5' 11"	201	28.03	4.38	109.2	38.5	127.0	-	-	-	2003	2	92.6
Buster Davis	WR	Florida St.	6' 1"	207	27.31	4.41	109.5	-	-	-	-	-	2007	3	92.5
Jalen Camp	WR	Georgia Tech	6' 2"	226	29.01	4.45	115.3	39.5	125.0	29	7.00	4.14	2021	6	92.4
Chris Owusu	WR	Stanford	6' 0"	196	26.58	4.36	108.5	40.5	129.0	19	6.85	4.11	2012	-	92.3
Tiquan Underwood	WR	Rutgers	6' 1"	184	24.27	4.31	106.6	41.5	129.0	7	6.62	4.11	2009	7	92.2
Kendrick Law	WR	Kentucky	5' 11"	203	28.31	4.45	103.5	42.0	128.0	21	-	-	2026	TBD	92.1
Luther Burden III	WR	Missouri	6' 0"	206	27.94	4.41	108.9	-	-	-	-	-	2025	2	92.0
Josh Imatorbhebhe	WR	Illinois	6' 1"	218	28.76	4.52	104.5	46.5	134.0	24	7.10	4.28	2021	-	92.0
Chimere Dike	WR	Florida	6' 0.5"	196	26.21	4.34	110.5	38.5	128.0	-	6.82	4.27	2025	4	91.8
DeSean Jackson	WR	California	5' 10"	169	24.25	4.35	94.4	-	120.0	-	-	-	2008	2	91.8
Percy Harvin	WR	Florida	5' 11"	192	26.78	4.39	103.4	-	-	19	-	-	2009	1	91.7
Terrence Murphy	WR	Texas A&M	6' 1"	202	26.65	4.39	108.8	-	-	-	-	-	2005	2	91.6
A.J. Jenkins	WR	Illinois	6' 0"	190	25.77	4.37	104.2	38.5	124.0	12	-	-	2012	1	91.5
Marcus Williams	WR	Washington St.	6' 5"	230	27.27	4.56	106.4	41.0	130.0	-	7.37	4.20	2001	-	91.4
Phillip Dorsett	WR	Miami (FL)	5' 10"	185	26.54	4.33	105.3	37.0	122.0	13	6.70	4.11	2015	1	91.3
Rod Gardner	WR	Clemson	6' 2"	219	28.11	4.48	108.7	-	-	-	-	-	2001	1	91.3
Chris Brazzell II	WR	Tennessee	6' 4"	198	24.10	4.37	108.6	-	-	-	-	-	2026	TBD	91.2
Torrey Smith	WR	Maryland	6' 1"	204	26.91	4.41	107.9	41.0	126.0	19	6.72	4.13	2011	2	91.1
DeAndre Smelter	WR	Georgia Tech	6' 2"	226	29.01	4.52	108.3	-	-	-	-	-	2015	4	91.0
Terry McLaurin	WR	Ohio St.	6' 0"	208	28.21	4.35	116.2	37.5	125.0	18	7.01	4.15	2019	3	90.9
Jester Weah	WR	Pittsburgh	6' 2"	211	27.09	4.43	109.6	38.0	129.0	15	7.24	4.41	2018	-	90.8
Brad Smith	WR	Missouri	6' 2"	213	27.34	4.46	107.7	39.5	128.0	-	7.00	4.33	2006	4	90.7
Trindon Holliday	WR	LSU	5' 5"	166	27.62	4.34	93.6	42.0	116.0	10	6.54	4.48	2010	6	90.6
Emmanuel Sanders	WR	SMU	5' 11"	186	25.94	4.40	99.3	39.5	126.0	12	6.64	4.10	2010	3	90.6
Cordarrelle Patterson	WR	Tennessee	6' 2"	216	27.73	4.42	113.2	37.0	128.0	-	-	-	2013	1	90.5
Da'Rick Rogers	WR	Tennessee Tech	6' 2"	217	27.86	4.50	105.8	39.5	132.0	10	6.71	4.06	2013	-	90.4
Jaelen Strong	WR	Arizona St.	6' 2"	217	27.86	4.44	111.7	42.0	123.0	-	-	-	2015	3	90.3
DeMarco Sampson	WR	San Diego St.	6' 2"	204	26.19	4.41	107.9	-	-	14	-	-	2011	7	90.1
Dez Bryant	WR	Oklahoma St.	6' 2"	225	28.89	4.52	107.8	-	-	-	-	-	2010	1	90.1
Devery Henderson	WR	LSU	5' 11"	198	27.61	4.41	104.7	-	-	-	-	-	2004	2	90.0
Laurent Robinson	WR	Illinois St.	6' 2"	199	25.55	4.38	108.1	39.0	127.0	19	6.83	4.28	2007	3	89.9
Charles Rogers	WR	Michigan St.	6' 2"	202	25.93	4.40	107.8	-	-	-	-	-	2003	1	89.8
Donald Jones	WR	Youngstown St.	6' 0"	214	29.02	4.46	108.2	41.0	119.0	20	6.90	4.20	2010	-	89.8
Yamon Figurs	WR	Kansas St.	5' 11"	174	24.27	4.30	101.8	-	123.0	-	6.85	4.21	2007	3	89.7
Mecole Hardman	WR	Georgia	5' 10"	187	26.83	4.33	106.4	36.5	119.0	17	-	-	2019	2	89.6
Jalen Royals	WR	Utah St.	6' 0"	205	27.80	4.42	107.4	-	-	13	-	-	2025	4	89.4
Taylor Jacobs	WR	Florida	6' 0"	205	27.80	4.42	107.4	-	-	-	-	-	2003	2	89.4
Gary Jennings	WR	West Virginia	6' 1"	214	28.23	4.42	112.1	37.0	127.0	20	7.32	4.15	2019	4	89.3
Braylon Edwards	WR	Michigan	6' 3"	211	26.37	4.45	107.6	-	-	-	-	-	2005	1	89.2
Jason Hill	WR	Washington St.	6' 0"	204	27.66	4.32	117.1	37.0	123.0	-	7.02	4.22	2007	3	89.2
Chris Cole	WR	Texas A&M	6' 0"	191	25.90	4.37	104.7	37.5	125.0	-	6.76	4.09	2000	3	89.1
Kadarius Toney	WR	Florida	5' 11.5"	193	26.54	4.37	105.8	39.5	136.0	9	6.88	4.23	2021	1	89.0
Jayden Higgins	WR	Iowa St.	6' 4"	214	26.05	4.47	107.2	39.0	128.0	-	-	-	2025	2	88.9
Corey Coleman	WR	Baylor	5' 11"	194	27.05	4.42	101.7	40.5	129.0	17	-	-	2016	1	88.8
Kealoha Pilares	WR	Hawaii	5' 10"	199	28.55	4.42	104.3	-	-	19	-	-	2011	5	88.7
Antwan Goodley	WR	Baylor	5' 10"	209	29.99	4.44	107.6	-	-	-	-	-	2015	-	88.6
Matt Landers	WR	Arkansas	6' 4"	200	24.34	4.37	109.7	37.0	130.0	-	-	-	2023	-	88.5
Kevin Ogletree	WR	Virginia	6' 0"	196	26.58	4.36	108.5	36.0	122.0	-	6.67	4.08	2009	-	88.4
Alshon Jeffery	WR	South Carolina	6' 3"	216	27.00	4.48	107.2	-	-	-	-	-	2012	2	88.4
Andrei Iosivas	WR	Princeton	6' 3"	205	25.62	4.43	106.5	39.0	128.0	19	6.85	4.12	2023	6	88.2
Dezmon Patmon	WR	Washington State	6' 4"	225	27.38	4.48	111.7	36.0	132.0	15	7.28	4.38	2020	6	88.2
Jeff Webb	WR	San Diego St.	6' 2"	211	27.09	4.40	112.6	37.0	126.0	-	6.81	4.08	2006	6	88.1
Terrace Marshall	WR	LSU	6' 2.5"	205	25.97	4.40	109.4	39.0	125.0	19	-	-	2021	2	88.0
Ryan Flournoy	WR	Southeast Missouri State	6' 1"	202	26.65	4.44	104.0	39.5	132.0	19	-	-	2024	6	87.9
Terrance Turner	WR	Indiana	6' 2"	220	28.24	4.53	104.5	41.0	128.0	16	6.77	4.15	2011	-	87.8
Johnnie Dixon	WR	Ohio St.	5' 10"	201	28.84	4.41	106.3	37.5	120.0	16	-	4.43	2019	-	87.7
Roman Wilson	WR	Michigan	5' 11"	185	25.80	4.39	99.6	-	-	12	-	-	2024	3	87.7
Kenny Bell	WR	Nebraska	6' 1"	197	25.99	4.42	103.2	41.5	129.0	7	6.66	4.15	2015	5	87.6
Eric Rivers	WR	Georgia Tech	5' 10"	176	25.25	4.35	98.3	37.0	127.0	-	-	-	2026	TBD	87.5
Scott Long	WR	Louisville	6' 2"	216	27.73	4.46	109.2	41.5	123.0	20	6.45	4.09	2010	-	87.4
Darius Slayton	WR	Auburn	6' 1"	190	25.06	4.39	102.3	40.5	135.0	11	7.00	4.15	2019	5	87.3
Brandin Cooks	WR	Oregon St.	5' 10"	189	27.12	4.33	107.5	36.0	120.0	16	6.76	3.81	2014	1	87.2
Jordan Kent	WR	Oregon	6' 4"	217	26.41	4.49	106.8	-	-	-	-	-	2007	6	87.1
Ricardo Lockette	WR	Fort Valley St.	6' 2"	211	27.09	4.34	118.9	35.5	127.0	-	7.15	4.19	2011	-	87.0
Cornelius Johnson	WR	Michigan	6' 3"	212	26.50	4.44	109.1	37.5	127.0	-	-	-	2024	7	87.0
Johnny Wilson	WR	Florida State	6' 6"	231	26.69	4.52	110.7	37.0	128.0	-	-	4.11	2024	6	86.9
De'Zhaun Stribling	WR	Mississippi	6' 2"	207	26.57	4.36	114.6	36.0	127.0	-	-	-	2026	TBD	86.8
Ted Ginn	WR	Ohio St.	5' 11"	178	24.82	4.38	96.7	-	-	-	-	-	2007	1	86.7
Mike Evans	WR	Texas A&M	6' 5"	231	27.39	4.53	109.7	37.0	-	12	7.08	4.26	2014	1	86.6
Kevin Austin Jr.	WR	Notre Dame	6' 2"	200	25.68	4.43	103.9	39.0	132.0	-	6.71	4.15	2022	-	86.5
Jordan Watkins	WR	Ole Miss	5' 11.5"	196	26.95	4.37	107.5	36.5	119.0	-	-	-	2025	4	86.4
Martavis Bryant	WR	Clemson	6' 4"	211	25.68	4.42	110.6	39.0	124.0	16	7.18	4.15	2014	4	86.3
Elic Ayomanor	WR	Stanford	6' 2"	206	26.45	4.44	106.0	38.5	127.0	-	-	-	2025	4	86.3
Brooks Foster	WR	North Carolina	6' 0"	211	28.61	4.44	108.6	-	-	27	-	-	2009	5	86.2
Aundrae Allison	WR	East Carolina	6' 0"	198	26.85	4.39	106.6	37.0	127.0	-	-	-	2007	5	86.1
Tyrie Cleveland	WR	Florida	6' 2"	209	26.83	4.46	105.6	39.5	126.0	13	-	-	2020	7	86.0
Hakeem Butler	WR	Iowa St.	6' 5"	227	26.92	4.48	112.7	36.0	128.0	18	-	-	2019	4	85.9
Isaiah Bond	WR	Texas	5' 10.5"	180	25.46	4.39	96.9	-	-	-	-	-	2025	-	85.7
Arman Shields	WR	Richmond	6' 1"	194	25.59	4.37	106.4	37.5	128.0	19	6.67	3.96	2008	4	85.7
Equanimeous St. brown	WR	Notre Dame	6' 5"	214	25.37	4.48	106.3	-	-	20	-	-	2018	6	85.6
Taylor Price	WR	Ohio	6' 0"	204	27.66	4.40	108.9	37.0	114.0	16	6.82	4.34	2010	3	85.6
Curtis Samuel	WR	Ohio St.	5' 11"	196	27.33	4.31	113.6	37.0	119.0	18	7.09	4.33	2017	2	85.5
Devin Smith	WR	Ohio St.	6' 0"	196	26.58	4.42	102.7	39.0	122.0	10	-	4.15	2015	2	85.4
Jerome Simpson	WR	Coastal Carolina	6' 2"	199	25.55	4.42	104.3	37.5	136.0	-	7.08	4.52	2008	2	85.3
Arian Smith	WR	Georgia	6' 0"	179	24.27	4.36	99.1	38.0	127.0	-	6.82	4.19	2025	4	85.2
Roscoe Parrish	WR	Miami (FL)	5' 10"	168	24.10	4.37	92.1	-	-	-	-	-	2005	2	85.1
Legedu Naanee	WR	Boise St.	6' 2"	225	28.89	4.41	119.0	40.0	119.0	19	-	-	2007	5	85.0
Dave Klemic	WR	Northeastern (MA)	5' 11"	188	26.22	4.37	103.1	36.5	116.0	-	-	-	2001	-	84.9
Velus Jones	WR	Tennessee	6' 0"	204	27.66	4.31	118.2	33.0	121.0	-	-	-	2022	3	84.8
Bub Means	WR	Pittsburgh	6' 1"	212	27.97	4.43	110.1	39.5	122.0	19	-	-	2024	5	84.8
D.J. Moore	WR	Maryland	6' 0"	210	28.48	4.42	110.0	39.5	132.0	15	6.95	4.07	2018	1	84.7
Miles Austin	WR	Monmouth (NJ)	6' 2"	215	27.60	4.47	107.7	40.5	123.0	21	7.09	4.14	2006	-	84.6
Jeff Janis	WR	Saginaw Valley St.	6' 3"	219	27.37	4.42	114.8	37.5	123.0	20	6.64	3.98	2014	7	84.5
Cedric James	WR	TCU	6' 2"	204	26.19	4.49	100.4	43.0	134.0	-	-	-	2001	4	84.4
Rome Odunze	WR	Washington	6' 3"	212	26.50	4.45	108.1	39.0	124.0	-	6.88	4.03	2024	1	84.3
Reggie Williams	WR	Washington	6' 4"	229	27.87	4.56	105.9	-	-	-	-	-	2004	1	84.1
T.Y. Hilton	WR	Florida International	5' 9"	183	27.02	4.34	103.2	-	-	-	-	-	2012	3	84.1
Jeff Fuller	WR	Texas A&M	6' 4"	223	27.14	4.53	105.9	-	-	17	-	-	2012	-	84.1
Keenan Burton	WR	Kentucky	6' 0"	201	27.26	4.44	103.4	38.5	125.0	10	6.77	4.20	2008	4	84.0
Sam Brown Jr.	WR	Miami (FL)	6' 2.5"	200	25.33	4.44	102.9	41.5	-	-	-	-	2025	-	83.9
Nelson Agholor	WR	USC	6' 0"	198	26.85	4.42	103.8	-	-	12	-	-	2015	1	83.8
Anthony Gonzalez	WR	Ohio St.	6' 0"	193	26.17	4.44	99.3	38.0	123.0	-	6.54	4.08	2007	1	83.7
Eddie Berlin	WR	New Mexico	5' 11"	191	26.64	4.43	99.2	39.5	122.0	-	6.78	4.08	2001	5	83.5
Chase Lyman	WR	California	6' 3"	217	27.12	4.50	105.8	-	-	-	-	-	2005	4	83.5
Josh Morgan	WR	Virginia Tech	6' 0"	219	29.70	4.46	110.7	-	-	-	-	-	2008	6	83.4
Nico Collins	WR	Michigan	6' 4"	215	26.17	4.45	109.7	37.5	125.0	14	6.79	4.32	2021	3	83.4
Marvin Mims Jr.	WR	Oklahoma	5' 11"	183	25.52	4.38	99.4	39.5	129.0	-	6.90	-	2023	2	83.3
Kevin White	WR	West Virginia	6' 3"	215	26.87	4.35	120.1	36.5	123.0	23	6.92	4.14	2015	1	83.1
Paul Arnold	WR	Washington	6' 1"	213	28.10	4.53	101.2	40.5	131.0	-	6.84	4.11	2003	-	83.0
Devin Hester	WR	Miami (FL)	5' 11"	190	26.50	4.41	100.5	38.0	124.0	16	-	-	2006	2	82.9
Greg Jennings	WR	West. Michigan	5' 11"	197	27.47	4.42	103.2	36.5	117.0	-	6.68	4.16	2006	2	82.8
Courtney Roby	WR	Indiana	6' 0"	189	25.63	4.41	99.9	36.5	126.0	-	6.60	3.94	2005	3	82.7
Josh Boyce	WR	TCU	5' 11"	206	28.73	4.38	111.9	34.0	131.0	22	6.68	4.10	2013	4	82.7
Joe Reed	WR	Virginia	6' 0"	224	30.38	4.47	112.2	38.0	123.0	21	-	-	2020	5	82.6
Kashif Moore	WR	Connecticut	5' 9"	180	26.58	4.36	99.6	43.5	126.0	19	6.82	4.05	2012	-	82.5
Armanti Edwards	WR	Appalachian St.	5' 11"	187	26.08	4.41	98.9	-	-	-	-	-	2010	3	82.4
Justin McCareins	WR	Northern Illinois	6' 2"	209	26.83	4.51	101.0	41.0	129.0	-	7.06	3.99	2001	4	82.3
Tre McBride	WR	William & Mary	6' 0"	210	28.48	4.41	111.0	38.0	122.0	16	6.96	4.08	2015	7	82.2
Quinten Lawrence	WR	McNeese St.	6' 0"	184	24.95	4.40	98.2	-	-	20	-	-	2009	6	82.1
Jazz Ferguson	WR	Northwestern St. (LA)	6' 5"	227	26.92	4.45	115.8	37.0	123.0	8	7.25	4.59	2019	-	82.0
Roy Williams	WR	Texas	6' 2"	212	27.22	4.48	105.3	-	-	-	-	-	2004	1	82.0
Devin Aromashodu	WR	Auburn	6' 2"	201	25.80	4.35	112.3	39.0	120.0	-	7.04	4.16	2006	7	81.8
Bo Melton	WR	Rutgers	5' 11"	189	26.36	4.34	106.5	38.0	121.0	-	6.98	-	2022	7	81.8
Robert Meachem	WR	Tennessee	6' 2"	214	27.47	4.39	115.2	37.5	121.0	-	6.97	4.31	2007	1	81.7
Chris Godwin	WR	Penn St.	6' 1"	209	27.57	4.42	109.5	36.0	126.0	19	7.01	4.00	2017	3	81.6
Daryl Jones	WR	Miami (FL)	5' 9"	180	26.58	4.35	100.5	-	-	-	-	-	2002	7	81.5
DeVier Posey	WR	Ohio St.	6' 2"	211	27.09	4.39	113.6	36.5	123.0	14	7.03	4.15	2012	3	81.4
Darnell Mooney	WR	Tulane	5' 10"	176	25.25	4.38	95.6	37.0	124.0	9	-	-	2020	5	81.2
Andre Roberts	WR	Citadel	5' 11"	195	27.19	4.40	104.1	36.0	120.0	15	6.77	4.15	2010	3	81.2
Ashton Dulin	WR	Malone University (Ohio)	6' 1"	215	28.36	4.43	111.6	38.0	121.0	13	7.00	4.22	2019	-	81.2
Keshawn Martin	WR	Michigan St.	5' 11"	188	26.22	4.42	98.5	39.5	122.0	13	6.85	4.13	2012	4	81.1
Nick Toon	WR	Wisconsin	6' 2"	215	27.60	4.49	105.8	37.5	-	18	-	-	2012	4	81.0
Paul Williams	WR	Fresno St.	6' 1"	205	27.04	4.45	104.6	38.5	125.0	-	7.03	4.24	2007	3	80.9
Mack Hollins	WR	North Carolina	6' 4"	221	26.90	4.53	105.0	-	-	-	-	-	2017	4	80.8
Jeremy Maclin	WR	Missouri	6' 0"	198	26.85	4.43	102.8	-	-	-	-	-	2009	1	80.7
Brian Robiskie	WR	Ohio St.	6' 3"	209	26.12	4.46	105.6	37.5	-	-	6.72	4.19	2009	2	80.6
Ricky Pearsall	WR	Florida	6' 1"	189	24.93	4.41	99.9	42.0	129.0	17	6.64	4.05	2024	1	80.5
Dri Archer	WR	Kent St.	5' 8"	173	26.30	4.26	105.1	38.0	122.0	20	6.86	4.06	2014	3	80.5
Justin Jefferson	WR	LSU	6' 1"	202	26.65	4.43	104.9	37.5	126.0	-	-	-	2020	1	80.4
Kyle Williams	WR	Washington St.	5' 10.5"	190	26.87	4.40	101.4	36.5	119.0	-	-	-	2025	3	80.3
Dylan Cantrell	WR	Texas Tech	6' 3"	226	28.24	4.59	101.8	38.5	130.0	18	6.56	4.03	2018	6	80.2
Michael Floyd	WR	Notre Dame	6' 3"	220	27.50	4.40	117.4	36.5	122.0	16	-	-	2012	1	80.1
Will Franklin	WR	Missouri	6' 0"	214	29.02	4.37	117.4	34.5	-	-	-	-	2008	4	80.0
Quincy Morgan	WR	Kansas St.	6' 1"	211	27.84	4.48	104.8	-	-	-	-	-	2001	2	79.9
Calvin Austin	WR	Memphis	5' 8"	170	25.85	4.32	97.6	39.0	135.0	-	6.65	4.07	2022	4	79.8
Kenny Britt	WR	Rutgers	6' 3"	218	27.25	4.47	109.2	37.0	124.0	23	-	4.47	2009	1	79.8
N'Keal Harry	WR	Arizona State	6' 2"	228	29.27	4.53	108.3	38.5	122.0	27	-	-	2019	1	79.7
Johnny Knox	WR	Abilene Christian	5' 11"	185	25.80	4.34	104.3	35.0	122.0	-	6.81	4.15	2009	5	79.6
Roddy White	WR	Ala-Birmingham	6' 1"	207	27.31	4.46	104.6	-	-	-	-	-	2005	1	79.3
Mike Mason	WR	Tennessee St.	6' 0"	190	25.77	4.40	101.4	39.5	129.0	-	6.94	4.08	2007	-	79.3
Justin Blackmon	WR	Oklahoma St.	6' 1"	207	27.31	4.46	104.6	-	-	14	-	-	2012	1	79.3
Devon Wylie	WR	Fresno St.	5' 9"	187	27.61	4.36	103.5	39.0	123.0	17	-	-	2012	4	79.2
Barion Brown	WR	LSU	5' 11"	177	24.68	4.40	94.4	-	-	-	-	-	2026	TBD	79.1
Pierre Garcon	WR	Mount Union	6' 0"	210	28.48	4.42	110.0	36.5	125.0	20	6.90	4.19	2008	6	79.1
Reggie Brown	WR	Georgia	6' 2"	196	25.16	4.45	100.0	41.5	128.0	-	6.99	3.94	2005	2	79.0
Omar Cooper Jr.	WR	Indiana	6' 0"	199	26.99	4.42	104.3	37.0	-	-	-	-	2026	TBD	78.9
Tai Felton	WR	Maryland	6' 1"	183	24.14	4.37	100.4	39.5	130.0	-	-	-	2025	3	78.8
Junior Hemingway	WR	Michigan	6' 1"	225	29.68	4.48	111.7	35.5	124.0	21	6.59	3.98	2012	7	78.7
Mike Sims-Walker	WR	Central Florida	6' 2"	209	26.83	4.35	116.7	36.5	121.0	18	6.92	4.39	2007	3	78.6
John Brown	WR	Pittsburg St.	5' 10"	179	25.68	4.34	100.9	36.5	119.0	-	6.91	4.12	2014	3	78.5
Elijah Higgins	WR	Stanford	6' 3"	235	29.37	4.54	110.6	35.0	126.0	-	7.01	-	2023	6	78.4
Sinorice Moss	WR	Miami (FL)	5' 8"	185	28.13	4.38	100.5	-	-	-	-	-	2006	2	78.4
Donnie Avery	WR	Houston	5' 11"	192	26.78	4.43	99.7	-	-	16	-	-	2008	2	78.2
Andre Caldwell	WR	Florida	6' 0"	204	27.66	4.35	113.9	33.0	124.0	-	6.75	4.11	2008	3	78.2
Mike Strachan	WR	Charleston	6' 5"	226	26.80	4.50	110.2	35.0	127.0	20	6.96	4.36	2021	7	78.0
Ja'Kobi Lane	WR	USC	6' 4"	200	24.34	4.47	100.2	40.0	129.0	-	-	-	2026	TBD	78.0
Dillon Bell	WR	Georgia	6' 1"	209	27.57	4.50	101.9	39.0	126.0	-	-	-	2026	TBD	77.9
Carlos Francis	WR	Texas Tech	5' 9"	198	29.24	4.33	112.7	38.5	114.0	-	6.97	4.06	2004	4	77.8
Kolby Listenbee	WR	TCU	6' 0"	197	26.72	4.39	106.1	35.5	129.0	15	-	-	2016	6	77.7
Michael Rector	WR	Stanford	6' 0"	193	26.17	4.42	101.1	36.5	129.0	-	6.77	4.19	2017	-	77.6
Danny Coale	WR	Virginia Tech	6' 0"	201	27.26	4.42	105.3	35.0	115.0	12	6.69	4.15	2012	5	77.6
Brian Poli-Dixon	WR	UCLA	6' 5"	210	24.90	4.48	104.3	-	-	-	-	-	2002	-	77.5
Zay Jones	WR	East Carolina	6' 2"	201	25.80	4.45	102.5	36.5	133.0	15	6.79	4.01	2017	2	77.4
Javin Hunter	WR	Notre Dame	5' 11"	186	25.94	4.47	93.2	41.0	129.0	-	6.84	4.04	2002	6	77.3
Keyarris Garrett	WR	Tulsa	6' 3"	220	27.50	4.53	104.5	36.5	128.0	14	7.30	4.33	2016	-	77.2
Deon Butler	WR	Penn St.	5' 10"	182	26.11	4.31	105.5	34.5	118.0	12	7.01	4.48	2009	3	77.1
Michael Robinson	WR	Penn St.	6' 1"	227	29.95	4.57	104.1	-	-	-	-	-	2006	4	77.0
Josh Doctson	WR	TCU	6' 2"	202	25.93	4.50	98.5	41.0	131.0	14	6.84	4.08	2016	1	76.9
Leron McCoy	WR	Indiana (PA)	6' 1"	211	27.84	4.40	112.6	37.0	120.0	-	7.19	4.21	2005	7	76.9
Garrett Wilson	WR	Ohio St.	6' 0"	183	24.82	4.38	99.4	36.0	123.0	-	-	4.36	2022	1	76.8
Mike Williams	WR	USC	6' 5"	229	27.15	4.56	105.9	36.5	-	-	-	-	2005	1	76.7
Danny Gray	WR	SMU	6' 0"	186	25.22	4.33	105.8	34.0	126.0	-	-	-	2022	3	76.6
Brennan Eagles	WR	Texas	6' 3.5"	225	27.75	4.53	106.9	36.5	125.0	-	6.93	4.42	2021	-	76.5
Jamar Newsome	WR	Central Florida	6' 0"	200	27.12	4.46	101.1	38.5	129.0	13	6.83	4.22	2011	-	76.4
T.J. Graham	WR	North Carolina St.	5' 11"	188	26.22	4.34	106.0	33.5	120.0	8	6.77	4.18	2012	3	76.3
DeVante Parker	WR	Louisville	6' 3"	209	26.12	4.45	106.6	36.5	125.0	17	-	-	2015	1	76.2
Willie Reid	WR	Florida St.	5' 10"	188	26.97	4.34	106.0	37.5	117.0	-	7.06	4.26	2006	3	76.2
Amara Darboh	WR	Michigan	6' 2"	214	27.47	4.45	109.1	36.0	124.0	17	-	-	2017	3	76.1
Marcus Davis	WR	Virginia Tech	6' 3"	233	29.12	4.56	107.8	39.5	120.0	19	7.15	-	2013	-	76.0
Marques Colston	WR	Hofstra	6' 5"	224	26.56	4.50	109.3	37.0	123.0	16	6.94	4.43	2006	7	75.9
Jarius Wright	WR	Arkansas	5' 10"	182	26.11	4.39	98.0	38.0	120.0	11	6.93	4.03	2012	4	75.7
Kenny McKinley	WR	South Carolina	6' 0"	189	25.63	4.37	103.6	37.0	113.0	-	6.96	4.10	2009	5	75.7
Jermaine Burton	WR	Alabama	6' 0"	196	26.58	4.45	100.0	38.5	133.0	-	-	-	2024	3	75.6
Devard Darling	WR	Washington St.	6' 1"	213	28.10	4.52	102.1	37.0	129.0	-	-	-	2004	3	75.5
Racey McMath	WR	LSU	6' 2.5"	211	26.73	4.39	113.6	34.0	125.0	-	7.37	4.40	2021	6	75.5
K.D. Cannon	WR	Baylor	5' 11"	182	25.38	4.41	96.2	37.0	119.0	13	-	-	2017	-	75.4
Tory Horton	WR	Colorado St.	6' 2.5"	196	24.83	4.41	103.6	37.5	-	-	-	-	2025	5	75.3
Jerrell Jackson	WR	Missouri	6' 0"	196	26.58	4.50	95.6	41.0	127.0	22	6.82	4.11	2012	-	75.2
Colbie Young	WR	Georgia	6' 5"	218	25.85	4.49	107.3	-	-	-	-	-	2026	TBD	75.1
Ladd McConkey	WR	Georgia	6' 0"	186	25.22	4.39	100.2	36.0	124.0	13	-	-	2024	2	75.0
Dont'e Thornton Jr.	WR	Tennessee	6' 4.5"	205	24.63	4.30	119.9	33.0	126.0	-	-	-	2025	4	74.9
John Capel	WR	Florida	5' 11"	177	24.68	4.39	95.3	36.5	126.0	-	-	-	2001	7	74.8
Rashee Rice	WR	SMU	6' 1"	204	26.91	4.51	98.6	41.0	128.0	-	-	-	2023	2	74.8
Jonathan Adams	WR	Arkansas State	6' 2"	210	26.96	4.54	98.9	39.0	132.0	-	7.04	4.38	2021	-	74.7
Onrea Jones	WR	Kansas St.	5' 11"	202	28.17	4.42	105.9	39.0	121.0	-	7.05	4.28	2007	-	74.6
Geremy Davis	WR	Connecticut	6' 2"	216	27.73	4.49	106.3	36.5	124.0	23	6.86	4.18	2015	6	74.5
Sammy Watkins	WR	Clemson	6' 1"	211	27.84	4.43	109.6	34.0	126.0	16	6.95	4.34	2014	1	74.4
Zachariah Branch	WR	Georgia	5' 9"	177	26.14	4.35	98.9	38.0	125.0	20	-	-	2026	TBD	74.2
Samie Parker	WR	Oregon	5' 10"	179	25.68	4.39	96.4	36.0	-	-	-	-	2004	4	74.1
Justin Shorter	WR	Florida	6' 4"	229	27.87	4.55	106.9	35.5	126.0	18	-	-	2023	5	74.1
Byron Marshall	WR	Oregon	5' 9"	201	29.68	4.42	105.3	-	-	17	-	-	2016	-	74.0
David Gettis	WR	Baylor	6' 3"	217	27.12	4.43	112.7	34.5	124.0	15	6.94	4.41	2010	6	73.9
Lee Evans	WR	Wisconsin	5' 11"	197	27.47	4.39	106.1	34.5	120.0	-	-	-	2004	1	73.8
Laviska Shenault Jr.	WR	Colorado	6' 1"	227	29.95	4.58	103.2	-	-	17	-	-	2020	2	73.5
Rashaun Woods	WR	Oklahoma St.	6' 2"	202	25.93	4.47	101.2	39.0	125.0	-	6.93	3.97	2004	1	73.5
Tyler Scott	WR	Cincinnati	5' 10"	177	25.39	4.44	91.1	39.5	133.0	-	-	-	2023	4	73.4
Ryan Tolhurst	WR	Richmond	5' 11"	196	27.33	4.49	96.4	38.0	123.0	-	6.65	3.88	2002	-	73.3
Kevin Curtis	WR	Utah St.	5' 11"	186	25.94	4.42	97.5	36.0	122.0	-	6.76	3.99	2003	3	73.2
Greg Childs	WR	Arkansas	6' 3"	219	27.37	4.52	104.9	36.5	125.0	19	-	-	2012	4	73.2
Trequan Smith	WR	Central Florida	6' 2"	203	26.06	4.49	99.9	37.5	130.0	12	6.97	4.50	2018	-	73.1
Denarius Moore	WR	Tennessee	6' 0"	194	26.31	4.43	100.7	36.0	118.0	13	6.78	4.15	2011	5	73.0
Cody Latimer	WR	Indiana	6' 2"	215	27.60	4.52	103.0	-	-	23	-	-	2014	2	72.9
Antonio Williams	WR	Clemson	5' 11.5"	187	25.71	4.41	98.9	39.5	124.0	10	7.00	-	2026	TBD	72.8
Tommy Streeter	WR	Miami (FL)	6' 5"	219	25.97	4.37	120.1	33.0	125.0	17	7.08	-	2012	6	72.7
Marquez North	WR	Tennessee	6' 2"	223	28.63	4.48	110.7	35.0	123.0	17	6.90	4.13	2016	-	72.6
Marvin McNutt	WR	Iowa	6' 3"	216	27.00	4.48	107.2	37.0	122.0	-	7.15	4.07	2012	6	72.6
Derius Davis	WR	TCU	5' 8"	165	25.09	4.36	91.3	-	-	-	-	4.38	2023	4	72.5
Bennie Fowler	WR	Michigan St.	6' 1"	217	28.63	4.52	104.0	36.0	126.0	-	7.06	4.18	2014	-	72.3
Andre' Davis	WR	Virginia Tech	6' 1"	194	25.59	4.42	101.7	39.5	123.0	-	6.77	4.10	2002	2	72.3
Reggie Wayne	WR	Miami (FL)	6' 0"	198	26.85	4.45	101.0	-	-	-	-	-	2001	1	72.2
Joseph Morgan	WR	Michigan St.	6' 0"	189	25.63	4.38	102.7	35.5	123.0	10	6.91	4.25	2011	-	72.1
Allen Lazard	WR	Iowa St.	6' 5"	227	26.92	4.55	105.9	38.0	122.0	17	-	-	2018	-	72.0
A.J. Brown	WR	Mississippi	6' 0"	226	30.65	4.49	111.2	36.5	120.0	19	-	-	2019	2	71.9
Derek Hagan	WR	Arizona St.	6' 2"	208	26.70	4.45	106.1	36.0	124.0	-	-	4.07	2006	3	71.9
Mark Clayton	WR	Oklahoma	5' 10"	193	27.69	4.41	102.1	36.5	118.0	-	6.95	4.07	2005	1	71.8
Jehu Chesson	WR	Michigan	6' 3"	204	25.50	4.47	102.2	35.5	132.0	10	6.70	4.09	2017	4	71.7
Chris Taylor	WR	Texas A&M	5' 11"	183	25.52	4.40	97.6	35.5	115.0	-	6.81	3.93	2001	7	71.6
Brandon Marshall	WR	Central Florida	6' 4"	229	27.87	4.52	109.7	37.0	120.0	-	-	-	2006	4	71.5
Andy Isabella	WR	Massachusetts	5' 9"	188	27.76	4.31	109.0	36.5	121.0	15	6.95	4.15	2019	2	71.4
Markus Wheaton	WR	Oregon St.	5' 11"	189	26.36	4.45	96.4	37.0	120.0	20	6.80	4.02	2013	3	71.3
Damian Copeland	WR	Louisville	5' 11"	184	25.66	4.50	89.7	40.0	120.0	12	6.53	3.90	2014	-	71.2
Sterling Shepard	WR	Oklahoma	5' 10"	194	27.83	4.48	96.3	41.0	123.0	20	7.00	4.35	2016	2	71.2
Limas Sweed	WR	Texas	6' 4"	215	26.17	4.48	106.7	35.0	-	-	-	-	2008	2	71.1
Seth Williams	WR	Auburn	6' 3"	211	26.37	4.49	103.8	37.0	124.0	12	7.20	4.43	2021	6	71.0
Anthony Gould	WR	Oregon State	5' 8"	174	26.45	4.39	93.7	39.5	129.0	-	-	4.16	2024	5	70.9
Mohamed Massaquoi	WR	Georgia	6' 1"	210	27.70	4.51	101.5	36.5	127.0	-	-	-	2009	2	70.8
Ronald Johnson	WR	USC	5' 11"	199	27.75	4.46	100.6	-	-	16	-	-	2011	6	70.7
Marcus Easley	WR	Connecticut	6' 3"	210	26.25	4.39	113.1	34.0	123.0	16	6.94	4.60	2010	4	70.6
Brandon Aiyuk	WR	Arizona State	6' 0"	205	27.80	4.50	100.0	40.0	128.0	11	-	-	2020	1	70.5
Carlton Mitchell	WR	South Florida	6' 3"	215	26.87	4.46	108.7	36.0	122.0	16	6.96	4.55	2010	6	70.5
Deebo Samuel	WR	South Carolina	5' 11"	214	29.84	4.48	106.3	39.0	122.0	15	7.03	4.14	2019	2	70.4
Devin Thomas	WR	Michigan St.	6' 2"	216	27.73	4.41	114.2	28.0	126.0	-	7.15	4.26	2008	2	70.3
Cedric Tillman	WR	Tennessee	6' 3"	213	26.62	4.54	100.3	37.0	128.0	-	-	-	2023	3	70.2
Craphonso Thorpe	WR	Florida St.	6' 1"	188	24.80	4.38	102.2	-	-	-	-	-	2005	4	70.1
Dominique Edison	WR	Stephen F. Austin	6' 2"	204	26.19	4.42	106.9	37.0	120.0	-	-	4.18	2009	6	70.0
Bruce Ellington	WR	South Carolina	5' 9"	197	29.09	4.45	100.5	39.5	120.0	15	6.69	3.95	2014	4	69.9
Antonio Callaway	WR	Florida	5' 11"	200	27.89	4.41	105.8	34.0	121.0	-	-	-	2018	4	69.8
Allen Robinson	WR	Penn St.	6' 3"	220	27.50	4.60	98.3	39.0	127.0	-	7.00	4.00	2014	2	69.7
Jalen Coker	WR	Holy Cross	6' 1"	208	27.44	4.57	95.4	42.5	128.0	-	-	-	2024	-	69.7
Eric Decker	WR	Minnesota	6' 3"	217	27.12	4.54	102.2	-	-	15	-	-	2010	3	69.6
Kenny Stills	WR	Oklahoma	6' 0"	194	26.31	4.38	105.4	33.5	124.0	16	-	4.35	2013	5	69.5
Will Fuller	WR	Notre Dame	6' 0"	186	25.22	4.32	106.8	33.5	126.0	10	6.93	4.27	2016	1	69.4
Jalen Reagor	WR	TCU	5' 11"	206	28.73	4.47	103.2	42.0	138.0	17	7.31	4.46	2020	1	69.3
Caleb Douglas	WR	Texas Tech	6' 3.5"	206	25.41	4.39	110.9	31.5	126.0	-	-	-	2026	TBD	69.2
Demetrius Byrd	WR	LSU	6' 0"	199	26.99	4.35	111.2	31.5	117.0	-	-	-	2009	7	69.1
Zach Pascal	WR	Old Dominion	6' 2"	219	28.11	4.55	102.2	36.0	126.0	14	7.11	4.29	2017	-	69.0
Teyo Johnson	WR	Stanford	6' 5"	247	29.29	4.61	109.4	33.5	-	-	-	-	2003	2	69.0
Elijah Moore	WR	Ole Miss	5' 9"	178	26.28	4.35	99.4	36.0	121.0	17	6.67	4.00	2021	2	68.9
Jaison Williams	WR	Oregon	6' 4"	237	28.85	4.47	118.7	35.5	118.0	14	7.37	4.56	2009	-	68.8
Tony Madison	WR	Kansas St.	6' 1"	213	28.10	4.52	102.1	39.0	121.0	-	7.13	4.30	2005	-	68.7
D.J. Hackett	WR	Colorado	6' 2"	199	25.55	4.53	94.5	41.0	131.0	-	6.79	4.08	2004	5	68.6
Michael Pittman	WR	USC	6' 4"	223	27.14	4.52	106.9	36.5	121.0	13	6.96	4.14	2020	2	68.5
Travis Wilson	WR	Oklahoma	6' 2"	214	27.47	4.47	107.2	36.5	120.0	-	6.70	3.99	2006	3	68.4
Malik Washington	WR	Virginia	5' 8.5"	191	28.62	4.47	95.7	42.5	126.0	19	-	-	2024	6	68.3
Tyler Lockett	WR	Kansas St.	5' 10"	182	26.11	4.40	97.1	35.5	121.0	-	6.89	4.07	2015	3	68.3
Jaylen Smith	WR	Louisville	6' 2"	219	28.11	4.47	109.7	34.5	122.0	14	7.55	4.48	2019	-	68.2
Chris Givens	WR	Wake Forest	5' 11"	198	27.61	4.35	110.6	33.5	118.0	19	6.97	4.23	2012	4	68.1
Ty Fryfogle	WR	Indiana	6' 1"	204	26.91	4.53	96.9	39.0	127.0	-	-	-	2022	-	68.0
Stephen Williams	WR	Toledo	6' 4"	210	25.56	4.50	102.4	36.5	125.0	15	6.81	4.11	2010	-	67.9
Chafie Fields	WR	Penn St.	6' 1"	196	25.86	4.43	101.8	-	-	-	-	-	2000	-	67.8
Anthony Schwartz	WR	Auburn	6' 0"	186	25.22	4.25	114.0	32.0	123.0	-	7.13	4.25	2021	3	67.7
Johnnie Lee Higgins	WR	Texas-El Paso	5' 11"	186	25.94	4.48	92.3	36.5	122.0	-	6.62	4.32	2007	3	67.6
Andre Holmes	WR	Hillsdale	6' 4"	210	25.56	4.51	101.5	35.0	130.0	11	6.69	4.31	2011	-	67.6
Charone Peake	WR	Clemson	6' 2"	209	26.83	4.45	106.6	35.5	122.0	12	6.96	4.46	2016	7	67.4
A.J. Green	WR	Georgia	6' 4"	211	25.68	4.48	104.8	34.5	126.0	18	6.91	4.21	2011	1	67.4
Nate Burleson	WR	Nevada	6' 0"	197	26.72	4.51	95.2	42.5	126.0	-	6.96	4.16	2003	3	67.3
Simi Fehoko	WR	Stanford	6' 4"	222	27.02	4.43	115.3	34.5	120.0	16	6.78	4.26	2021	5	67.2
Chris Moore	WR	Cincinnati	6' 1"	206	27.18	4.53	97.8	37.0	130.0	10	6.76	4.20	2016	4	67.1
Kevin Jurovich	WR	San Jose St.	5' 11"	188	26.22	4.45	95.9	-	-	14	-	-	2010	-	67.0
Malachi Dupre	WR	LSU	6' 2"	196	25.16	4.52	93.9	39.5	135.0	11	7.19	4.26	2017	7	66.9
Leonard Hankerson	WR	Miami (FL)	6' 1"	209	27.57	4.40	111.5	36.0	117.0	14	6.94	4.21	2011	3	66.9
David Givens	WR	Notre Dame	6' 0"	217	29.43	4.56	100.4	40.5	126.0	-	6.82	4.13	2002	7	66.8
Elijhah Badger	WR	Florida	6' 1.5"	200	26.03	4.43	103.9	35.5	-	-	-	-	2025	-	66.7
Jalen McMillan	WR	Washington	6' 1"	197	25.99	4.47	98.7	37.0	127.0	-	6.94	4.18	2024	3	66.5
Rashod Bateman	WR	Minnesota	6' 0"	190	25.77	4.41	100.5	36.0	123.0	-	6.95	4.35	2021	1	66.5
Devaughn Vele	WR	Utah	6' 4"	203	24.71	4.47	101.7	36.0	126.0	-	-	-	2024	7	66.4
Malik Benson	WR	Oregon	6' 0"	189	25.63	4.37	103.6	32.5	122.0	-	-	-	2026	TBD	66.3
Tre Nixon	WR	UCF	6' 0"	187	25.36	4.44	96.2	35.5	125.0	18	6.81	4.25	2021	7	66.1
Brandon Jones	WR	Oklahoma	6' 1"	210	27.70	4.42	110.0	37.0	114.0	-	7.03	4.08	2005	3	66.1
Jamaica Rector	WR	Northwest Missouri State	5' 10"	186	26.69	4.47	93.2	36.5	122.0	-	6.78	4.13	2005	-	66.1
Dwayne Bowe	WR	LSU	6' 2"	221	28.37	4.51	106.8	33.0	125.0	-	6.81	4.35	2007	1	66.0
Michael Crabtree	WR	Texas Tech	6' 1"	215	28.36	4.54	101.2	-	-	-	-	-	2009	1	65.8
Jacoby Jones	WR	Lane (TN)	6' 3"	210	26.25	4.50	102.4	34.0	129.0	-	7.03	4.31	2007	3	65.8
Tre Tucker	WR	Cincinnati	5' 9"	182	26.87	4.40	97.1	37.5	124.0	-	-	-	2023	3	65.7
Tamorrion Terry	WR	Florida State	6' 2.5"	207	26.22	4.44	106.5	32.5	126.0	15	7.11	4.47	2021	-	65.6
Hakeem Nicks	WR	North Carolina	6' 1"	212	27.97	4.51	102.5	36.0	-	-	-	-	2009	1	65.5
Trevor Davis	WR	California	6' 1"	188	24.80	4.42	98.5	38.5	124.0	11	6.60	4.22	2016	5	65.4
Laveranues Coles	WR	Florida St.	5' 11"	192	26.78	4.41	101.5	34.0	115.0	-	6.89	4.39	2000	3	65.3
James Hardy	WR	Indiana	6' 5"	217	25.73	4.45	110.7	31.5	125.0	18	6.84	4.20	2008	2	65.3
Freddie Mitchell	WR	UCLA	5' 11"	185	25.80	4.46	93.5	39.5	120.0	-	6.95	4.06	2001	1	65.2
Dez Fitzpatrick	WR	Louisville	6' 1.5"	208	27.07	4.47	104.2	35.0	-	-	7.06	4.25	2021	4	65.1
Aaron Fairooz	WR	Central Arkansas	6' 6"	209	24.15	4.49	102.8	36.0	125.0	-	6.89	4.27	2007	-	65.0
Marquez Valdes-Scantling	WR	South Florida	6' 4"	206	25.07	4.37	113.0	30.5	124.0	15	-	-	2018	5	64.9
Tommy Manus	WR	South Florida	6' 4"	222	27.02	4.55	103.6	38.0	120.0	-	7.20	4.34	2005	-	64.8
Paul Hubbard	WR	Wisconsin	6' 3"	221	27.62	4.49	108.8	29.5	126.0	15	-	-	2008	6	64.7
Kendall Wright	WR	Baylor	5' 10"	196	28.12	4.49	96.4	38.5	121.0	-	6.93	4.18	2012	1	64.7
Jason McAddley	WR	Alabama	6' 1"	203	26.78	4.47	101.7	36.5	123.0	-	6.83	4.09	2002	5	64.6
Devin Duvernay	WR	Texas	5' 10"	200	28.69	4.39	107.7	35.5	123.0	-	7.13	4.20	2020	3	64.5
Muneer Moore	WR	Richmond	6' 1"	201	26.52	4.52	96.3	37.5	129.0	-	6.91	4.09	2000	5	64.4
Quez Watkins	WR	Southern Miss	6' 0"	185	25.09	4.35	103.3	36.5	125.0	-	7.28	4.36	2020	6	64.3
KeAndre Lambert-Smith	WR	Auburn	6' 1"	190	25.06	4.37	104.2	34.5	124.0	-	-	-	2025	5	64.1
Herb Haygood	WR	Michigan St.	5' 11"	193	26.92	4.45	98.4	33.0	114.0	-	6.65	4.26	2002	5	64.1
Davante Adams	WR	Fresno St.	6' 1"	212	27.97	4.56	98.1	39.5	123.0	14	6.82	4.30	2014	2	64.0
AT Perry	WR	Wake Forest	6' 3.5"	198	24.42	4.47	99.2	35.0	133.0	-	-	-	2023	6	64.0
Dyami Brown	WR	North Carolina	6' 0.5"	189	25.28	4.44	97.3	35.5	128.0	18	6.85	4.35	2021	3	63.9
Charlie Jones	WR	Purdue	5' 11"	175	24.40	4.43	90.9	36.5	124.0	13	-	-	2023	4	63.8
Denard Robinson	WR	Michigan	5' 10"	199	28.55	4.43	103.3	36.5	123.0	-	7.09	4.22	2013	5	63.7
Andrew Means	WR	Indiana	6' 1"	214	28.23	4.36	118.4	34.5	116.0	12	6.85	4.21	2009	-	63.6
Dominic Lovett	WR	Georgia	5' 10"	185	26.54	4.40	98.7	33.5	120.0	-	-	4.27	2025	7	63.5
Dallas Baker	WR	Florida	6' 3"	208	26.00	4.53	98.8	36.0	129.0	-	6.69	4.19	2007	7	63.4
Bisi Johnson	WR	Colorado St.	6' 0"	204	27.66	4.51	98.6	38.0	124.0	14	6.88	4.16	2019	7	63.3
Niles Paul	WR	Nebraska	6' 1"	224	29.55	4.45	114.2	34.5	117.0	24	6.90	4.14	2011	5	63.3
Rakim Jarrett	WR	Maryland	6' 0"	192	26.04	4.44	98.8	35.5	123.0	13	-	-	2023	-	63.2
Ty Montgomery	WR	Stanford	6' 0"	221	29.97	4.55	103.1	40.5	121.0	-	6.97	4.21	2015	3	63.1
Titus Young	WR	Boise St.	5' 11"	174	24.27	4.43	90.4	-	123.0	-	-	-	2011	2	63.0
Jordan Matthews	WR	Vanderbilt	6' 3"	212	26.50	4.46	107.2	35.5	120.0	21	6.95	4.18	2014	2	62.9
Cecil Shorts	WR	Mount Union	6' 0"	205	27.80	4.50	100.0	34.5	114.0	21	6.50	4.07	2011	4	62.8
Stanley Morgan	WR	Nebraska	6' 0"	202	27.39	4.53	95.9	38.5	125.0	14	6.78	4.13	2019	-	62.7
Antonio Gandy-Golden	WR	Liberty	6' 4"	223	27.14	4.60	99.6	36.0	127.0	22	7.33	4.55	2020	4	62.6
Malcolm Mitchell	WR	Georgia	6' 0"	198	26.85	4.45	101.0	36.0	129.0	15	6.94	4.34	2016	4	62.5
Courtland Sutton	WR	SMU	6' 3"	218	27.25	4.54	102.6	35.5	124.0	18	6.57	4.11	2018	2	62.4
Todd Watkins	WR	BYU	6' 2"	202	25.93	4.40	107.8	36.0	118.0	15	7.13	4.24	2006	7	62.4
Eddie Royal	WR	Virginia Tech	5' 10"	184	26.40	4.39	99.1	36.0	124.0	24	7.07	4.34	2008	2	62.3
K.J. Osborn	WR	Miami	5' 11"	203	28.31	4.48	100.8	37.5	123.0	18	7.00	4.35	2020	5	62.2
Hank Baskett	WR	New Mexico	6' 3"	224	28.00	4.50	109.3	35.0	119.0	-	6.79	4.17	2006	-	62.1
Walter Young	WR	Illinois	6' 5"	214	25.37	4.54	100.7	39.0	121.0	-	6.90	4.25	2003	7	62.0
Patrick Turner	WR	USC	6' 5"	223	26.44	4.59	100.5	-	-	-	-	-	2009	3	61.9
R. Jay Soward	WR	USC	5' 9"	177	26.14	4.34	99.8	35.0	124.0	-	-	-	2000	1	61.8
Huey Whittaker	WR	South Florida	6' 4"	234	28.48	4.62	102.7	37.0	121.0	-	7.06	4.13	2004	-	61.8
Ben Obomanu	WR	Auburn	6' 1"	205	27.04	4.45	104.6	38.0	116.0	-	7.17	4.21	2006	7	61.7
Devon Cajuste	WR	Stanford	6' 4"	234	28.48	4.62	102.7	36.0	123.0	12	6.49	4.20	2016	-	61.6
Dennis Northcutt	WR	Arizona	5' 10"	175	25.11	4.43	90.9	37.5	123.0	-	6.96	4.04	2000	2	61.5
Tyquan Thornton	WR	Baylor	6' 2"	181	23.24	4.28	107.9	36.5	130.0	-	-	-	2022	2	61.4
Jamal Custis	WR	Syracuse	6' 4"	214	26.05	4.50	104.4	34.5	124.0	-	-	-	2019	-	61.3
Michael Campanaro	WR	Wake Forest	5' 9"	192	28.35	4.46	97.0	39.0	122.0	20	6.77	4.01	2014	7	61.2
Dorial Green-Beckham	WR	Oklahoma	6' 5"	237	28.10	4.49	116.6	33.5	119.0	13	6.89	4.45	2015	2	61.1
Tre Harris	WR	Ole Miss	6' 2.5"	205	25.97	4.54	96.5	38.5	125.0	-	-	-	2025	2	61.1
Ryan Hoag	WR	Gustavus Adolphus	6' 2"	200	25.68	4.51	96.7	38.0	125.0	-	6.72	3.95	2003	7	61.0
Jarett Dillard	WR	Rice	5' 10"	191	27.40	4.50	93.2	42.5	129.0	13	7.10	4.41	2009	5	60.9
Kenny Golladay	WR	Northern Illinois	6' 4"	218	26.53	4.50	106.3	35.5	120.0	18	7.00	4.15	2017	3	60.8
Marquez Callaway	WR	Tennessee	6' 1"	205	27.04	4.55	95.7	38.0	126.0	-	-	-	2020	-	60.7
Rodney Smith	WR	Florida St.	6' 4"	225	27.38	4.51	108.8	34.5	120.0	-	7.03	4.07	2013	-	60.6
Tab Perry	WR	UCLA	6' 2"	229	29.40	4.46	115.8	34.0	116.0	-	7.00	-	2005	6	60.3
Atrews Bell	WR	Florida St.	5' 11"	218	30.40	4.52	104.5	-	-	-	-	-	2002	-	60.3
Demario Douglas	WR	Liberty	5' 8"	179	27.21	4.44	92.1	39.5	134.0	-	-	4.29	2023	6	60.3
Jerome Lane	WR	Akron	6' 2"	226	29.01	4.60	101.0	35.0	125.0	16	6.87	4.12	2017	-	60.3
Travis Fulgham	WR	Old Dominion	6' 2"	215	27.60	4.58	97.7	36.5	126.0	15	-	-	2019	6	60.1
Michael Wilson	WR	Stanford	6' 2"	213	27.34	4.58	96.8	37.5	125.0	23	-	4.27	2023	3	60.1
Amari Cooper	WR	Alabama	6' 1"	211	27.84	4.42	110.6	33.0	120.0	-	6.71	3.98	2015	1	60.0
Jalin Hyatt	WR	Tennessee	6' 0"	176	23.87	4.40	93.9	40.0	135.0	-	-	-	2023	3	59.9
B.J. Johnson	WR	Texas	5' 11"	207	28.87	4.50	101.0	-	-	-	-	-	2004	-	59.8
John Hightower	WR	Boise State	6' 1"	189	24.93	4.43	98.1	38.5	122.0	-	7.07	4.21	2020	5	59.7
Gabriel Davis	WR	UCF	6' 2"	216	27.73	4.54	101.7	35.0	124.0	14	7.08	4.59	2020	4	59.7
Travis Taylor	WR	Florida	6' 1"	199	26.25	4.43	103.3	37.0	118.0	-	7.15	-	2000	1	59.6
Taywan Taylor	WR	Western Kentucky	5' 11"	203	28.31	4.50	99.0	33.5	132.0	13	6.57	4.21	2017	3	59.5
Chris Olave	WR	Ohio St.	6' 0"	187	25.36	4.39	100.7	32.0	124.0	-	-	-	2022	1	59.4
David Clowney	WR	Virginia Tech	6' 0"	188	25.49	4.36	104.0	32.5	123.0	-	7.00	4.15	2007	5	59.3
Trevon Grimes	WR	Florida	6' 4"	220	26.78	4.49	108.3	35.0	118.0	15	7.00	4.26	2021	-	59.2
Demetrius Williams	WR	Oregon	6' 2"	197	25.29	4.52	94.4	38.0	127.0	-	6.84	4.08	2006	4	59.1
Chris McGaha	WR	Arizona St.	6' 1"	201	26.52	4.52	96.3	40.0	122.0	19	-	4.21	2010	-	59.0
Golden Tate	WR	Notre Dame	5' 10"	199	28.55	4.42	104.3	35.0	120.0	17	7.12	4.34	2010	2	58.9
Justin Hunter	WR	Tennessee	6' 4"	196	23.86	4.44	100.9	39.5	136.0	-	-	4.33	2013	2	58.9
Quincy Adeboyejo	WR	Mississippi	6' 3"	197	24.62	4.42	103.2	34.5	123.0	8	6.73	4.14	2017	-	58.8
Robert Ferguson	WR	Texas A&M	6' 1"	205	27.04	4.48	101.8	36.5	120.0	-	7.24	4.07	2001	2	58.6
Reche Caldwell	WR	Florida	6' 0"	194	26.31	4.53	92.1	41.5	130.0	-	7.00	4.10	2002	2	58.6
Robert Kilow	WR	Arkansas St.	5' 10"	171	24.53	4.44	88.0	-	-	-	-	-	2001	-	58.5
Keon Coleman	WR	Florida State	6' 3"	213	26.62	4.61	94.3	38.0	127.0	-	-	-	2024	2	58.4
Jacoby Ford	WR	Clemson	5' 9"	186	27.46	4.28	110.9	33.5	115.0	15	7.00	4.44	2010	4	58.3
Joseph Ngata	WR	Clemson	6' 3"	217	27.12	4.54	102.2	34.5	124.0	-	-	-	2023	-	58.2
Andrew Armstrong	WR	Arkansas	6' 4"	202	24.59	4.51	97.7	37.5	124.0	11	6.97	4.18	2025	-	58.2
Tavarres King	WR	Georgia	6' 0"	189	25.63	4.47	94.7	36.5	123.0	11	6.91	4.33	2013	5	58.1
Josh Malone	WR	Tennessee	6' 3"	208	26.00	4.40	111.0	30.5	121.0	10	7.05	4.19	2017	4	57.9
Jalen Wayne	WR	South Alabama	6' 2"	210	26.96	4.51	101.5	34.5	124.0	-	-	-	2023	-	57.8
Chris Harper	WR	Kansas St.	6' 1"	229	30.21	4.55	106.9	35.5	116.0	20	6.89	4.39	2013	4	57.7
Shaquelle Evans	WR	UCLA	6' 1"	213	28.10	4.51	103.0	34.5	122.0	13	7.07	4.21	2014	4	57.5
Isaiah McKenzie	WR	Georgia	5' 7"	173	27.09	4.42	90.7	36.0	123.0	11	6.64	4.15	2017	5	57.5
Jamaar Taylor	WR	Texas A&M	6' 1"	197	25.99	4.46	99.6	-	-	-	-	-	2004	6	57.5
Kendrick Rogers	WR	Texas A&M	6' 4"	208	25.32	4.51	100.6	35.5	124.0	17	7.13	4.48	2020	-	57.3
Dillon Mitchell	WR	Oregon	6' 1"	197	25.99	4.46	99.6	36.5	122.0	12	-	4.29	2019	7	57.3
Ryan Krause	WR	Nebraska-Omaha	6' 2"	244	31.32	4.60	109.0	33.5	119.0	18	6.78	4.16	2004	6	57.2
Ryan Whalen	WR	Stanford	6' 1"	202	26.65	4.53	95.9	38.5	123.0	18	6.67	4.09	2011	6	57.1
Juwan Johnson	WR	Oregon	6' 4"	230	27.99	4.58	104.5	33.0	124.0	14	6.94	4.37	2020	-	57.0
Jordan Payton	WR	UCLA	6' 1"	207	27.31	4.47	103.7	34.5	121.0	-	7.08	4.33	2016	5	56.9
Albert Wilson	WR	Georgia St.	5' 9"	202	29.83	4.43	104.9	37.5	123.0	10	7.00	4.21	2014	-	56.8
Stephen Burton	WR	West Texas A&M	6' 1"	221	29.15	4.50	107.8	34.5	117.0	19	7.04	4.31	2011	7	56.7
Josh Palmer	WR	Tennessee	6' 1"	210	27.70	4.51	101.5	34.0	124.0	-	6.98	4.24	2021	3	56.7
Jacob Copeland	WR	Maryland	5' 11"	201	28.03	4.42	105.3	33.0	127.0	20	7.01	4.47	2023	-	56.6
Skyy Moore	WR	Western Michigan	5' 10"	195	27.98	4.41	103.1	34.5	125.0	-	7.13	4.32	2022	2	56.5
Freddie Swain	WR	Florida	6' 0"	197	26.72	4.46	99.6	36.5	124.0	16	7.05	4.26	2020	6	56.4
Rasheed Marshall	WR	West Virginia	6' 0"	185	25.09	4.51	89.4	38.0	121.0	-	6.81	3.95	2005	5	56.3
Kevin Coleman Jr.	WR	Missouri	5' 10"	179	25.68	4.49	88.1	38.5	126.0	-	-	-	2026	TBD	56.2
Dontayvion Wicks	WR	Virginia	6' 1"	206	27.18	4.62	90.4	39.0	130.0	-	-	-	2023	5	56.1
Brian Quick	WR	Appalachian St.	6' 3"	220	27.50	4.50	107.3	34.0	119.0	15	7.10	4.23	2012	2	56.1
DeAndrew White	WR	Alabama	5' 11"	193	26.92	4.44	99.3	34.5	118.0	-	6.97	4.18	2015	-	56.0
Germie Bernard	WR	Alabama	6' 1"	206	27.18	4.48	102.3	32.5	125.0	-	6.71	4.31	2026	TBD	55.9
Dez White	WR	Georgia Tech	6' 1"	218	28.76	4.62	95.7	37.5	124.0	-	6.91	4.09	2000	3	55.8
Malachi Fields	WR	Notre Dame	6' 4.5"	218	26.19	4.61	96.5	38.0	124.0	-	6.98	4.35	2026	TBD	55.7
Rishard Matthews	WR	Nevada	6' 0"	217	29.43	4.54	102.2	36.0	-	20	6.88	4.19	2012	7	55.5
Leonte Carroo	WR	Rutgers	6' 0"	211	28.61	4.50	102.9	35.5	120.0	14	-	-	2016	3	55.4
Greg Salas	WR	Hawaii	6' 1"	210	27.70	4.53	99.7	37.0	120.0	15	6.65	4.10	2011	4	55.3
Tyrone Goard	WR	East. Kentucky	6' 4"	205	24.95	4.50	100.0	36.0	123.0	10	6.90	4.39	2013	-	55.3
Treylon Burks	WR	Arkansas	6' 2"	225	28.89	4.55	105.0	33.0	122.0	-	7.28	-	2022	1	55.2
Aaron Kelly	WR	Clemson	6' 4"	204	24.83	4.49	100.4	38.0	119.0	11	7.25	4.45	2009	-	55.1
Jason Brownlee Jr.	WR	Southern Miss	6' 2"	198	25.42	4.59	89.2	39.5	131.0	16	-	-	2023	-	55.0
Juaquin Iglesias	WR	Oklahoma	6' 1"	210	27.70	4.44	108.1	34.5	116.0	-	-	4.40	2009	3	54.9
Kenny Clark	WR	Central Florida	6' 1"	225	29.68	4.59	101.4	35.5	121.0	-	-	-	2001	-	54.8
Isaiah Coulter	WR	Rhode Island	6' 2"	198	25.42	4.45	101.0	36.0	121.0	-	7.28	4.62	2020	5	54.7
Aaron Lockett	WR	Kansas St.	5' 7"	155	24.27	4.31	89.8	35.0	119.0	-	6.84	4.11	2002	7	54.6
Amba Etta-Tawo	WR	Syracuse	6' 1"	208	27.44	4.49	102.4	31.0	126.0	14	6.95	4.32	2017	-	54.6
Stephen Guidry	WR	Mississippi State	6' 3"	201	25.12	4.47	100.7	34.0	125.0	-	7.31	4.46	2020	-	54.5
Keke Coutee	WR	Texas Tech	5' 10"	181	25.97	4.43	94.0	34.5	113.0	14	6.93	4.15	2018	4	54.4
Ramses Barden	WR	Cal Poly	6' 6"	229	26.46	4.51	110.7	33.5	118.0	17	-	4.26	2009	3	54.2
Rannell Hall	WR	Central Florida	6' 0"	198	26.85	4.60	88.4	41.0	132.0	16	6.86	4.15	2015	-	54.2
R.J. English	WR	Pittsburgh	6' 2"	211	27.09	4.55	98.5	37.5	121.0	-	7.03	4.11	2002	-	53.9
Michael Jefferson	WR	Louisiana	6' 4"	199	24.22	4.56	92.0	37.0	133.0	16	7.03	4.56	2023	-	53.9
Chris Davis	WR	Florida St.	5' 10"	181	25.97	4.50	88.3	35.5	115.0	-	6.66	4.14	2007	4	53.9
Brenden Rice	WR	USC	6' 2"	208	26.70	4.50	101.4	36.5	119.0	13	-	-	2024	7	53.9
Daniel Guy	WR	Jackson St.	6' 2"	211	27.09	4.61	93.4	38.5	125.0	-	7.35	4.29	2001	-	53.7
Lideatrick Griffin	WR	Mississippi State	5' 10"	181	25.97	4.43	94.0	35.5	124.0	-	7.00	4.35	2024	-	53.7
Bug Howard	WR	North Carolina	6' 4"	221	26.90	4.58	100.5	37.5	119.0	-	6.95	4.14	2017	-	53.6
Terry Charles	WR	Portland St.	6' 3"	207	25.87	4.52	99.2	36.5	122.0	-	7.02	4.09	2002	5	53.5
Gerell Robinson	WR	Arizona St.	6' 3"	227	28.37	4.54	106.9	35.5	113.0	-	-	4.15	2012	-	53.4
Sloan Thomas	WR	Texas	6' 1"	203	26.78	4.50	99.0	-	-	-	-	-	2004	7	53.3
Stevie Johnson	WR	Michigan St.	6' 2"	210	26.96	4.46	106.1	32.5	121.0	-	7.07	4.26	2008	-	53.2
LaVon Brazill	WR	Ohio	5' 11"	192	26.78	4.43	99.7	32.5	-	11	-	-	2012	6	53.2
Dan Sheldon	WR	Northern Illinois	5' 9"	179	26.43	4.43	93.0	-	-	-	-	-	2005	-	53.1
Owen Spencer	WR	North Carolina St.	6' 2"	195	25.03	4.51	94.3	37.5	125.0	6	6.86	4.18	2011	-	53.0
Craig Bragg	WR	UCLA	6' 1"	196	25.86	4.46	99.1	36.0	-	-	-	-	2005	6	52.9
Shi Smith	WR	South Carolina	5' 9.5"	186	27.07	4.43	96.6	36.0	123.0	-	6.79	4.22	2021	6	52.8
Jamari Staples	WR	Louisville	6' 3"	195	24.37	4.51	94.3	36.0	130.0	-	-	-	2017	-	52.7
Courtney Taylor	WR	Auburn	6' 2"	204	26.19	4.50	99.5	36.0	122.0	-	7.22	4.28	2007	6	52.6
Bobby Newcombe	WR	Nebraska	5' 10"	195	27.98	4.53	92.6	37.0	117.0	-	6.86	3.98	2001	6	52.5
Michael Gallup	WR	Colorado St.	6' 1"	205	27.04	4.51	99.1	36.0	122.0	10	6.95	4.37	2018	3	52.5
Jaleel Scott	WR	New Mexico St.	6' 5"	218	25.85	4.56	100.8	34.5	124.0	16	7.20	4.40	2018	4	52.4
Justin Hardy	WR	East Carolina	5' 10"	192	27.55	4.56	88.8	36.5	114.0	11	6.63	4.21	2015	4	52.3
Luke McCaffrey	WR	Rice	6' 2"	198	25.42	4.46	100.1	36.0	121.0	-	6.70	4.02	2024	3	52.2
Jeremy Childs	WR	Boise St.	6' 0"	200	27.12	4.47	100.2	33.5	115.0	-	6.90	4.26	2009	-	52.0
Brandon Coleman	WR	Rutgers	6' 6"	225	26.00	4.56	104.1	32.5	-	21	7.33	4.51	2014	-	52.0
Arrelious Benn	WR	Illinois	6' 1"	219	28.89	4.57	100.4	37.0	118.0	20	-	-	2010	2	51.9
Donatella Luckett	WR	Harding	6' 0"	211	28.61	4.40	112.6	34.0	118.0	17	7.51	4.50	2015	-	51.8
Chris Hannon	WR	Tennessee	6' 3"	205	25.62	4.48	101.8	34.5	122.0	-	-	-	2006	-	51.7
Cecil Moore	WR	East Tennessee St.	6' 1"	210	27.70	4.60	93.8	38.0	124.0	-	7.03	4.23	2003	-	51.5
Aaron Mellette	WR	Elon	6' 2"	217	27.86	4.54	102.2	33.5	123.0	9	7.11	4.41	2013	7	51.5
Jordy Nelson	WR	Kansas St.	6' 3"	217	27.12	4.51	104.9	31.0	123.0	-	7.03	4.35	2008	2	51.5
Tim Benford	WR	Tennessee Tech	5' 11"	205	28.59	4.51	99.1	-	-	15	-	-	2012	-	51.3
Ricky Hall	WR	Virginia Tech	6' 2"	206	26.45	4.52	98.7	-	-	-	-	-	2000	-	51.3
Kwame Cavil	WR	Texas	6' 2"	208	26.70	4.54	97.9	39.5	118.0	-	-	-	2000	-	51.2
Michael Thomas	WR	Ohio St.	6' 3"	212	26.50	4.57	97.2	35.0	126.0	18	6.80	4.13	2016	2	51.1
Danny Farmer	WR	UCLA	6' 3"	217	27.12	4.58	98.6	-	-	-	-	-	2000	4	50.9
Marko Mitchell	WR	Nevada	6' 4"	218	26.53	4.43	113.2	32.0	116.0	9	7.04	4.33	2009	7	50.9
Alex Wesley	WR	Northern Colorado	6' 0"	190	25.77	4.45	96.9	38.5	125.0	13	7.40	4.44	2019	-	50.9
Christian Kirk	WR	Texas A&M	5' 10"	201	28.84	4.47	100.7	35.5	115.0	20	7.09	4.45	2018	2	50.8
Tevin Reese	WR	Baylor	5' 10"	163	23.39	4.46	82.4	41.0	132.0	-	6.63	4.18	2014	7	50.7
Antwaan Randle El	WR	Indiana	5' 10"	191	27.40	4.49	94.0	-	-	-	-	-	2002	2	50.6
Richie James	WR	Middle Tennessee St.	5' 10"	183	26.25	4.48	90.9	35.5	122.0	6	6.87	4.16	2018	-	50.5
Reggie Germany	WR	Ohio St.	6' 1"	183	24.14	4.39	98.5	-	-	-	-	-	2001	7	50.3
Calvin Ridley	WR	Alabama	6' 0"	189	25.63	4.43	98.1	31.0	110.0	15	6.88	4.41	2018	1	50.3
Donnie O'Neal	WR	Arizona St.	6' 1"	191	25.20	4.52	91.5	38.0	126.0	-	6.90	-	2002	-	50.3
Jonathan Orr	WR	Wisconsin	6' 2"	198	25.42	4.44	101.9	35.5	119.0	-	7.31	4.16	2006	6	50.2
T.J. Jones	WR	Notre Dame	6' 0"	188	25.49	4.46	95.0	33.0	119.0	-	6.82	4.27	2014	-	50.1
Ja'Lynn Polk	WR	Washington	6' 1"	203	26.78	4.52	97.3	37.5	120.0	-	-	-	2024	2	50.0
Marcus Lucas	WR	Missouri	6' 4"	218	26.53	4.60	97.4	36.0	124.0	20	7.07	4.25	2014	-	49.9
Sidney Rice	WR	South Carolina	6' 3"	200	25.00	4.51	96.7	39.5	119.0	-	7.09	4.34	2007	2	49.8
Josh Huff	WR	Oregon	5' 11"	206	28.73	4.51	99.6	35.5	116.0	14	-	-	2014	3	49.7
Roc Taylor	WR	Memphis	6' 2"	213	27.34	4.49	104.8	30.5	122.0	-	-	-	2025	-	49.6
Dwayne Harris	WR	East Carolina	5' 10"	203	29.12	4.53	96.4	34.0	111.0	10	6.77	4.21	2011	6	49.6
D'Wayne Eskridge	WR	Western Michigan	5' 8.5"	190	28.47	4.39	102.3	35.0	124.0	-	6.95	4.27	2021	2	49.5
Talman Gardner	WR	Florida St.	6' 1"	205	27.04	4.44	105.5	34.5	116.0	-	7.54	4.43	2003	7	49.4
Triandos Luke	WR	Alabama	5' 11"	199	27.75	4.51	96.2	38.0	124.0	-	7.06	4.17	2004	6	49.2
Ernest Wilford	WR	Virginia Tech	6' 4"	226	27.51	4.79	85.9	40.5	130.0	-	-	4.17	2004	4	49.2
Jake Schifino	WR	Akron	6' 1"	200	26.38	4.49	98.4	-	-	-	-	-	2002	5	49.1
Deion Branch	WR	Louisville	5' 9"	191	28.20	4.47	95.7	36.0	117.0	-	6.71	3.78	2002	2	49.0
Jimmy Young	WR	TCU	6' 0"	204	27.66	4.50	99.5	37.0	115.0	19	7.08	4.18	2011	-	48.9
Dexter Jackson	WR	Appalachian St.	5' 9"	182	26.87	4.33	103.5	29.5	122.0	-	6.81	4.38	2008	2	48.9
Carlos Henderson	WR	Louisiana Tech	5' 11"	199	27.75	4.46	100.6	36.0	131.0	13	7.18	4.35	2017	3	48.8
Jalen Cropper	WR	Fresno State	5' 11"	172	23.99	4.40	91.8	-	121.0	-	-	-	2023	-	48.6
Mario Alford	WR	West Virginia	5' 8"	180	27.37	4.43	93.5	34.0	121.0	13	6.64	4.07	2015	7	48.6
Adam Jennings	WR	Fresno St.	5' 9"	181	26.73	4.44	93.1	37.5	118.0	-	6.88	4.12	2006	6	48.5
Anthony Mix	WR	Auburn	6' 4"	235	28.60	4.48	116.7	31.5	111.0	-	-	-	2006	-	48.4
Mareno Philyaw	WR	Troy	6' 2"	205	26.32	4.66	86.9	39.5	129.0	-	6.93	4.13	2000	6	48.3
Larry Foster	WR	LSU	5' 10"	198	28.41	4.55	92.4	37.0	121.0	-	6.88	4.06	2000	-	48.2
Jaelon Darden	WR	North Texas	5' 7.5"	174	26.85	4.44	89.5	35.5	122.0	11	6.67	4.10	2021	4	48.2
Devin Funchess	WR	Michigan	6' 4"	232	28.24	4.70	95.1	38.5	122.0	17	-	-	2015	2	48.1
Corey Fuller	WR	Virginia Tech	6' 2"	204	26.19	4.43	105.9	31.5	120.0	12	-	-	2013	6	47.8
Stefon Diggs	WR	Maryland	6' 0"	195	26.44	4.46	98.6	35.0	115.0	-	7.03	4.32	2015	5	47.8
Jerricho Cotchery	WR	North Carolina St.	6' 0"	212	28.75	4.54	99.8	36.0	121.0	-	6.93	3.91	2004	4	47.8
Marqise Lee	WR	USC	6' 0"	192	26.04	4.52	92.0	38.0	127.0	-	-	4.01	2014	2	47.7
Airese Currie	WR	Clemson	5' 10"	186	26.69	4.49	91.5	38.0	125.0	-	7.05	4.07	2005	5	47.6
Chris Carter	WR	California-Davis	5' 11"	191	26.64	4.49	94.0	-	-	12	-	-	2010	-	47.5
Sam Aiken	WR	North Carolina	6' 2"	209	26.83	4.59	94.2	39.5	121.0	-	7.22	-	2003	4	47.4
Steve Breaston	WR	Michigan	6' 0"	193	26.17	4.46	97.6	33.0	124.0	-	6.90	4.29	2007	5	47.4
Zay Flowers	WR	Boston College	5' 9"	182	26.87	4.42	95.4	35.5	127.0	-	-	-	2023	1	47.3
Dwight Jones	WR	North Carolina	6' 3"	230	28.74	4.51	111.2	33.0	109.0	14	-	-	2012	-	47.2
Bryant Johnson	WR	Penn St.	6' 2"	214	27.47	4.57	98.1	-	-	-	-	-	2003	1	47.0
ArDarius Stewart	WR	Alabama	5' 11"	204	28.45	4.49	100.4	34.0	124.0	-	-	-	2017	3	47.0
Tavon Austin	WR	West Virginia	5' 8"	174	26.45	4.34	98.1	32.0	120.0	14	-	4.01	2013	1	46.9
Braxton Miller	WR	Ohio St.	6' 1"	201	26.52	4.50	98.0	35.0	123.0	17	6.65	4.07	2016	3	46.8
Jayden Reed	WR	Michigan State	5' 11"	187	26.08	4.45	95.4	33.5	121.0	-	-	4.29	2023	2	46.7
Da'Quan Felton	WR	Virginia Tech	6' 5"	213	25.26	4.50	103.9	32.5	122.0	16	7.10	4.30	2025	-	46.7
Greg Orton	WR	Purdue	6' 3"	207	25.87	4.61	91.7	38.0	125.0	22	6.90	4.33	2009	-	46.6
Maurice Stovall	WR	Notre Dame	6' 4"	217	26.41	4.57	99.5	35.0	122.0	-	6.81	4.14	2006	3	46.4
Byron Pringle	WR	Kansas St.	6' 1"	203	26.78	4.46	102.6	33.5	120.0	15	6.87	4.40	2018	-	46.3
Chris Hilton Jr.	WR	LSU	6' 0"	188	25.49	4.41	99.4	34.5	122.0	-	7.25	4.41	2026	TBD	46.2
Kelvin Benjamin	WR	Florida St.	6' 5"	240	28.46	4.61	106.3	32.5	119.0	13	7.33	4.39	2014	1	46.0
Chandler Williams	WR	Florida International	5' 11"	184	25.66	4.42	96.4	32.5	123.0	-	6.99	4.29	2007	7	46.0
Jonathan Holland	WR	Louisiana Tech	6' 0"	191	25.90	4.45	97.4	35.5	120.0	15	7.12	4.40	2007	7	46.0
Marcus Monk	WR	Arkansas	6' 4"	222	27.02	4.56	102.7	34.5	119.0	9	7.08	4.30	2008	7	45.9
Dontay Demus Jr.	WR	Maryland	6' 3"	212	26.50	4.57	97.2	35.5	123.0	-	-	4.39	2023	-	45.8
Stedman Bailey	WR	West Virginia	5' 10"	193	27.69	4.52	92.5	34.5	117.0	11	6.81	4.09	2013	3	45.7
Stacy Coley	WR	Miami (FL)	6' 1"	195	25.72	4.45	99.5	34.0	122.0	10	-	-	2017	7	45.6
Shaun McDonald	WR	Arizona St.	5' 8"	169	25.69	4.43	87.8	-	-	-	-	-	2003	4	45.5
Jalen Nailor	WR	Michigan St.	5' 11"	186	25.94	4.50	90.7	38.0	128.0	-	7.03	4.28	2022	6	45.4
Laquon Treadwell	WR	Mississippi	6' 2"	221	28.37	4.52	105.9	33.0	117.0	12	-	-	2016	1	45.3
Antoine Green	WR	North Carolina	6' 2"	199	25.55	4.47	99.7	33.5	123.0	-	6.99	4.27	2023	7	45.3
Jalen Tolbert	WR	South Alabama	6' 1"	194	25.59	4.49	95.5	36.0	123.0	-	7.08	-	2022	3	45.1
Matt Farmer	WR	Air Force	6' 0"	190	25.77	4.51	91.8	33.0	108.0	-	6.63	3.94	2000	-	45.1
Braylon Sanders	WR	Mississippi	6' 0"	194	26.31	4.48	96.3	34.5	121.0	-	-	-	2022	-	45.0
Lanear Sampson	WR	Baylor	5' 11"	204	28.45	4.46	103.1	33.5	119.0	20	7.10	4.38	2013	-	44.9
Jermaine Kearse	WR	Washington	6' 1"	209	27.57	4.50	101.9	34.0	119.0	14	7.03	4.12	2012	-	44.8
Maurice Purify	WR	Nebraska	6' 3"	224	28.00	4.50	109.3	28.5	117.0	-	6.95	4.29	2008	-	44.7
Isaac West	WR	Furman	6' 0"	187	25.36	4.46	94.5	37.0	124.0	-	7.21	4.22	2005	-	44.6
Khalil Shakir	WR	Boise St.	6' 0"	196	26.58	4.43	101.8	34.5	124.0	-	7.28	4.21	2022	5	44.6
Doug Gabriel	WR	Central Florida	6' 2"	213	27.34	4.52	102.1	35.5	116.0	-	7.05	4.16	2003	5	44.5
Jalin Marshall	WR	Ohio St.	5' 10"	200	28.69	4.60	89.3	37.5	125.0	16	6.80	4.13	2016	-	44.4
Mohamed Sanu	WR	Rutgers	6' 1"	211	27.84	4.62	92.6	36.0	126.0	19	6.88	4.22	2012	3	44.3
Cornell Powell	WR	Clemson	6' 0"	204	27.66	4.52	97.7	36.5	128.0	16	7.03	4.21	2021	5	44.2
Jeris McIntyre	WR	Auburn	5' 11"	203	28.31	4.46	102.6	29.0	112.0	-	6.98	4.08	2004	6	44.1
Brandon Daniels	WR	Oklahoma	5' 10"	211	30.27	4.54	99.3	-	-	-	-	-	2000	-	44.0
Jimmy Horn Jr.	WR	Colorado	5' 8"	174	26.45	4.46	88.0	38.0	128.0	-	-	4.41	2025	6	43.9
Josh Reynolds	WR	Texas A&M	6' 3"	194	24.25	4.52	93.0	37.0	124.0	-	6.83	4.13	2017	4	43.8
Javon Baker	WR	UCF	6' 1"	202	26.65	4.54	95.1	37.0	121.0	-	-	-	2024	4	43.7
Quentin McCord	WR	Kentucky	5' 10"	191	27.40	4.48	94.8	36.5	112.0	-	7.17	4.18	2001	7	43.6
Korey Robertson	WR	Southern Miss	6' 1"	212	27.97	4.56	98.1	34.0	123.0	13	-	-	2018	-	43.5
P.K. Sam	WR	Florida St.	6' 3"	210	26.25	4.54	98.9	34.5	-	-	7.04	-	2004	5	43.4
CeeDee Lamb	WR	Oklahoma	6' 2"	198	25.42	4.50	96.6	34.5	124.0	11	-	-	2020	1	43.3
Jarrett Boykin	WR	Virginia Tech	6' 2"	217	27.86	4.62	95.3	36.0	123.0	11	7.12	4.28	2012	-	43.2
Jahan Dotson	WR	Penn St.	5' 11"	178	24.82	4.43	92.4	36.0	121.0	-	7.28	-	2022	1	43.1
Jeremy Williams	WR	Tulane	6' 0"	206	27.94	4.59	92.8	36.0	117.0	14	6.73	-	2010	-	43.1
Mike Woods	WR	Oklahoma	6' 1"	204	26.91	4.55	95.2	34.5	125.0	-	-	-	2022	6	43.0
O.J. Murdock	WR	Fort Hays St.	5' 10"	197	28.26	4.50	96.1	34.5	116.0	15	-	4.37	2011	-	42.8
Josh Reed	WR	LSU	5' 10"	210	30.13	4.54	98.9	-	-	-	-	-	2002	2	42.8
Ihmir Smith-Marsette	WR	Iowa	6' 0.5"	181	24.21	4.47	90.7	37.0	124.0	10	7.06	4.23	2021	5	42.7
Charles Lee	WR	Central Florida	6' 1"	202	26.65	4.56	93.4	35.5	125.0	-	7.30	4.25	2000	7	42.6
Chauncey Stovall	WR	Florida St.	6' 1"	221	29.15	4.62	97.0	-	-	-	-	-	2005	-	42.5
Derek Moye	WR	Penn St.	6' 4"	209	25.44	4.46	105.6	33.5	115.0	10	-	4.23	2012	-	42.4
Davon Grayson	WR	East Carolina	6' 1"	199	26.25	4.51	96.2	34.5	124.0	19	-	-	2018	-	42.4
Devin Street	WR	Pittsburgh	6' 3"	198	24.75	4.55	92.4	37.0	124.0	-	6.89	4.01	2014	5	42.3
Fred Ross	WR	Mississippi St.	6' 1"	213	28.10	4.51	103.0	35.0	113.0	10	6.99	4.28	2017	-	42.2
Ashley Lelie	WR	Hawaii	6' 3"	197	24.62	4.49	96.9	-	-	-	-	-	2002	1	42.1
Terrence Toliver	WR	LSU	6' 3"	212	26.50	4.52	101.6	32.0	122.0	-	6.48	4.03	2011	-	42.0
Chase Roberts	WR	BYU	6' 3"	209	26.12	4.64	90.2	37.0	126.0	-	-	-	2026	TBD	41.9
Ronnie Bell	WR	Michigan	6' 0"	191	25.90	4.54	89.9	38.5	120.0	14	6.98	4.15	2023	7	41.8
Darius Passmore	WR	Marshall	6' 0"	188	25.49	4.46	95.0	33.5	-	-	-	-	2009	-	41.7
Derrick Williams	WR	Penn St.	5' 11"	194	27.05	4.47	97.2	33.0	-	15	-	-	2009	3	41.7
Alric Arnett	WR	West Virginia	6' 2"	188	24.14	4.52	90.1	40.0	122.0	-	7.03	4.43	2010	-	41.6
Drisan James	WR	Boise St.	6' 0"	193	26.17	4.52	92.5	39.0	126.0	14	7.09	4.39	2007	-	41.5
Kareem Kelly	WR	USC	6' 0"	186	25.22	4.42	97.5	35.0	125.0	-	7.51	4.24	2003	6	41.4
Deon Cain	WR	Clemson	6' 2"	202	25.93	4.43	104.9	33.5	115.0	11	6.71	4.37	2018	6	41.3
D'Juan Woods	WR	Oklahoma St.	6' 0"	208	28.21	4.58	94.5	36.5	120.0	-	6.89	4.34	2007	-	41.2
Matt Trannon	WR	Michigan St.	6' 6"	216	24.96	4.57	99.0	36.5	118.0	13	7.09	4.34	2007	-	41.1
Cody Thompson	WR	Toledo	6' 1"	205	27.04	4.57	94.0	38.5	119.0	19	6.87	4.03	2019	-	41.0
J.J. Nelson	WR	Ala-Birmingham	5' 10"	156	22.38	4.28	93.0	36.0	127.0	-	7.02	4.15	2015	5	41.0
George Pickens	WR	Georgia	6' 3"	195	24.37	4.47	97.7	33.0	125.0	-	-	-	2022	2	40.9
Jerard Rabb	WR	Boise St.	6' 2"	201	25.80	4.58	91.4	36.5	125.0	-	6.99	4.19	2007	-	40.8
Mekale McKay	WR	Cincinnati	6' 4"	207	25.19	4.55	96.6	35.0	123.0	12	7.08	4.63	2016	-	40.7
D.J. Foster	WR	Arizona St.	5' 10"	193	27.69	4.57	88.5	35.5	117.0	14	6.75	4.07	2016	-	40.5
Da'Ron Brown	WR	Northern Illinois	6' 0"	205	27.80	4.54	96.5	37.0	120.0	17	7.04	4.11	2015	7	40.5
Jerry Jeudy	WR	Alabama	6' 1"	193	25.46	4.45	98.4	35.0	120.0	-	-	4.53	2020	1	40.4
Ryan Spadola	WR	Lehigh	6' 1"	204	26.91	4.48	101.3	33.5	119.0	15	6.72	4.07	2013	-	40.3
David Sills	WR	West Virginia	6' 3"	211	26.37	4.57	96.7	37.5	117.0	14	6.97	4.28	2019	-	40.2
Isaiah Hodgins	WR	Oregon State	6' 4"	210	25.56	4.61	93.0	36.5	124.0	9	7.01	4.12	2020	6	40.2
Freddie Milons	WR	Alabama	5' 10"	190	27.26	4.51	91.8	33.5	117.0	-	6.84	-	2002	5	40.1
Amon-Ra St. Brown	WR	USC	5' 11.5"	197	27.09	4.59	88.8	38.5	127.0	20	6.90	4.26	2021	4	40.0
Manuel Johnson	WR	Oklahoma	5' 11"	189	26.36	4.50	92.2	-	-	-	-	-	2009	7	39.9
Pat Bryant	WR	Illinois	6' 2.5"	204	25.84	4.61	90.3	37.5	124.0	-	-	-	2025	3	39.8
Rashad Greene	WR	Florida St.	5' 11"	182	25.38	4.53	86.4	36.5	122.0	-	6.88	4.12	2015	5	39.7
Devante Davis	WR	UNLV	6' 3"	220	27.50	4.57	100.9	35.5	115.0	16	7.25	4.12	2015	-	39.6
Steve Smith	WR	Utah	5' 9"	184	27.17	4.41	97.3	38.5	121.0	-	7.44	4.25	2001	3	39.5
Riley Cooper	WR	Florida	6' 3"	222	27.75	4.53	105.4	33.0	114.0	-	-	-	2010	5	39.5
Vinny Sutherland	WR	Purdue	5' 9"	192	28.35	4.48	95.3	-	-	-	-	-	2001	5	39.4
Robert Herron	WR	Wyoming	5' 9"	193	28.50	4.48	95.8	35.5	125.0	18	6.84	4.27	2014	6	39.3
Tori Gurley	WR	South Carolina	6' 4"	216	26.29	4.53	102.6	33.5	118.0	15	7.05	4.25	2011	-	39.2
Dorien Bryant	WR	Purdue	5' 10"	174	24.96	4.49	85.6	-	119.0	-	6.88	4.24	2008	-	39.1
JuJu Smith-Schuster	WR	USC	6' 1"	215	28.36	4.54	101.2	32.5	120.0	15	-	-	2017	2	39.0
Jacob Cowing	WR	Arizona	5' 8"	168	25.54	4.38	91.3	36.0	119.0	-	7.02	4.32	2024	4	38.9
Randall Cobb	WR	Kentucky	5' 10"	191	27.40	4.46	96.5	33.5	115.0	16	7.08	4.34	2011	2	38.8
Lorne Sam	WR	Texas-El Paso	6' 2"	220	28.24	4.59	99.1	33.0	122.0	23	7.11	4.35	2008	-	38.8
Bernard Berrian	WR	Fresno St.	6' 1"	183	24.14	4.58	83.2	38.0	128.0	-	7.34	4.18	2004	3	38.7
Paul Thompson	WR	Oklahoma	6' 4"	216	26.29	4.62	94.8	33.5	127.0	-	6.81	4.11	2007	-	38.6
Matt Hazel	WR	Coastal Carolina	6' 1"	198	26.12	4.50	96.6	36.5	118.0	15	7.08	4.20	2014	6	38.5
Leroy Hodge	WR	Texas A&M	6' 1"	215	28.36	4.54	101.2	34.5	116.0	-	7.14	4.21	2000	-	38.4
Omar Bayless	WR	Arkansas State	6' 1"	212	27.97	4.62	93.1	36.0	123.0	11	7.35	4.50	2020	-	38.3
Jordan Norwood	WR	Penn St.	5' 11"	179	24.96	4.58	81.4	38.0	119.0	-	6.80	4.20	2009	-	38.2
Damian Williams	WR	USC	6' 1"	197	25.99	4.52	94.4	38.0	118.0	19	6.79	4.24	2010	3	38.1
Derek McCoy	WR	Colorado	6' 3"	210	26.25	4.73	83.9	38.0	128.0	-	7.10	4.09	2004	-	38.1
Shelton Gibson	WR	West Virginia	5' 11"	191	26.64	4.50	93.2	32.0	118.0	8	6.83	4.20	2017	5	38.0
Darius Reynaud	WR	West Virginia	5' 9"	201	29.68	4.48	99.8	34.5	130.0	20	6.88	4.32	2008	-	37.9
Chris Brown	WR	Notre Dame	6' 2"	194	24.91	4.48	96.3	-	-	-	-	-	2016	-	37.8
Jadon Haselwood	WR	Arkansas	6' 2"	215	27.60	4.66	91.2	37.0	123.0	-	6.98	4.31	2023	-	37.7
Rhema McKnight	WR	Notre Dame	6' 1"	211	27.84	4.53	100.2	34.0	118.0	-	6.84	4.16	2007	-	37.6
Cody Core	WR	Mississippi	6' 3"	205	25.62	4.47	102.7	31.5	119.0	14	-	-	2016	6	37.4
Ryne Robinson	WR	Miami (OH)	5' 9"	179	26.43	4.47	89.7	35.0	123.0	-	6.71	4.21	2007	4	37.4
Devin Lewis	WR	Southern	6' 2"	205	26.32	4.54	96.5	38.5	111.0	-	-	-	2002	-	37.4
Rodney Adams	WR	South Florida	6' 1"	189	24.93	4.44	97.3	29.5	125.0	8	6.98	4.28	2017	5	37.3
Marcus Henry	WR	Kansas	6' 4"	207	25.19	4.55	96.6	31.5	126.0	-	7.08	4.30	2008	6	37.2
Taurus Johnson	WR	South Florida	6' 0"	206	27.94	4.49	101.4	35.5	121.0	18	7.37	4.24	2009	-	37.0
Juron Criner	WR	Arizona	6' 2"	224	28.76	4.66	95.0	38.0	117.0	17	7.15	4.30	2012	5	37.0
Blair White	WR	Michigan St.	6' 2"	209	26.83	4.49	102.8	33.5	115.0	18	6.69	4.03	2010	-	36.9
Dwayne Jarrett	WR	USC	6' 4"	219	26.65	4.62	96.1	-	-	-	-	-	2007	2	36.8
Clarence Moore	WR	Northern Arizona	6' 6"	211	24.38	4.55	98.5	34.0	122.0	-	6.84	4.16	2004	6	36.7
Brian Paysinger	WR	Oregon	6' 2"	206	26.45	4.55	96.1	-	-	-	-	-	2008	-	36.6
Plaxico Burress	WR	Michigan St.	6' 5"	231	27.39	4.59	104.1	33.0	115.0	-	-	-	2000	1	36.6
Margin Hooks	WR	BYU	5' 11"	191	26.64	4.50	93.2	36.0	116.0	-	7.08	4.18	2001	-	36.5
Grant DuBose	WR	Charlotte	6' 2"	201	25.80	4.57	92.2	35.0	125.0	-	6.89	4.32	2023	7	36.3
Jmon Moore	WR	Missouri	6' 3"	207	25.87	4.60	92.5	38.0	120.0	21	6.56	4.04	2018	-	36.3
Tylan Wallace	WR	Oklahoma State	5' 11"	194	27.05	4.49	95.5	33.0	112.0	11	6.97	4.25	2021	4	36.2
Trevor Gaylor	WR	Miami (OH)	6' 3"	199	24.87	4.56	92.0	37.5	121.0	-	7.03	4.29	2000	4	36.1
Harry Douglas	WR	Louisville	5' 11"	176	24.54	4.51	85.1	31.0	120.0	-	6.57	4.12	2008	3	36.0
Arnaz Battle	WR	Notre Dame	6' 1"	217	28.63	4.58	98.6	35.0	117.0	-	6.74	4.06	2003	6	35.9
Marcus Smith	WR	New Mexico	6' 1"	221	29.15	4.51	106.8	26.5	111.0	20	7.10	4.42	2008	4	35.9
DeAndre Brown	WR	Southern Miss	6' 6"	233	26.92	4.59	105.0	29.0	117.0	20	6.93	4.33	2011	-	35.8
Chris Lacy	WR	Oklahoma St.	6' 3"	205	25.62	4.51	99.1	33.5	120.0	11	-	-	2018	-	35.7
Jeff Thomas	WR	Miami	5' 9"	170	25.10	4.45	86.7	36.5	125.0	-	-	-	2020	-	35.6
Quinton Patton	WR	Louisiana Tech	6' 0"	204	27.66	4.53	96.9	33.0	118.0	8	6.91	4.01	2013	4	35.5
Cedrick Wilson	WR	Boise St.	6' 2"	197	25.29	4.55	91.9	37.0	121.0	9	6.89	4.23	2018	6	35.4
Kaden Wetjen	WR	Iowa	5' 9"	193	28.50	4.47	96.7	35.5	-	-	6.95	4.44	2026	TBD	35.3
DeAndre Hopkins	WR	Clemson	6' 1"	214	28.23	4.57	98.1	36.0	115.0	15	-	4.50	2013	1	35.2
Kelly Campbell	WR	Georgia Tech	5' 10"	171	24.53	4.48	84.9	-	-	-	-	-	2002	-	35.2
Jalen Walthall	WR	Incarnate Word	6' 1"	191	25.20	4.57	87.6	35.0	131.0	-	-	-	2026	TBD	35.1
Wan'Dale Robinson	WR	Kentucky	5' 8"	178	27.06	4.44	91.6	34.5	118.0	-	-	-	2022	2	35.0
Mike Davis	WR	Texas	6' 0"	197	26.72	4.52	94.4	-	-	10	-	-	2014	-	34.8
David Reed	WR	Utah	6' 0"	191	25.90	4.56	88.3	37.0	114.0	15	6.95	4.38	2010	5	34.8
Robert Foster	WR	Alabama	6' 2"	196	25.16	4.41	103.6	31.0	116.0	-	6.90	4.20	2018	-	34.6
Jaymar Johnson	WR	Jackson St.	5' 11"	177	24.68	4.50	86.3	32.0	118.0	14	6.75	4.18	2008	6	34.6
Dane Sanzenbacher	WR	Ohio St.	5' 11"	182	25.38	4.56	84.2	33.5	118.0	-	6.46	3.97	2011	-	34.5
Josh Downs	WR	North Carolina	5' 9"	171	25.25	4.48	84.9	38.5	131.0	-	-	-	2023	3	34.5
Kevin Norwood	WR	Alabama	6' 2"	198	25.42	4.48	98.3	33.0	121.0	8	6.68	4.32	2014	4	34.4
Jamari Thrash	WR	Louisville	6' 0"	188	25.49	4.46	95.0	34.0	120.0	-	7.16	-	2024	5	34.3
Quartney Davis	WR	Texas A&M	6' 1"	201	26.52	4.54	94.6	35.5	-	-	-	-	2020	-	34.2
Armon Binns	WR	Cincinnati	6' 3"	209	26.12	4.50	101.9	31.5	118.0	13	6.86	4.31	2011	-	34.1
Jerrel Jernigan	WR	Troy	5' 9"	185	27.32	4.46	93.5	37.5	124.0	11	7.07	4.25	2011	3	34.0
Jha'Quan Jackson	WR	Tulane	5' 9"	188	27.76	4.42	98.5	32.0	118.0	12	-	-	2024	6	33.9
Marquise Walker	WR	Michigan	6' 2"	219	28.11	4.63	95.3	-	-	-	-	-	2002	-	33.8
Chansi Stuckey	WR	Clemson	5' 11"	197	27.47	4.56	91.1	35.0	120.0	-	6.91	4.14	2007	7	33.8
Javon Wims	WR	Georgia	6' 3"	215	26.87	4.53	102.1	33.5	113.0	-	7.00	-	2018	7	33.7
Kaelin Clay	WR	Utah	5' 10"	195	27.98	4.51	94.3	33.0	113.0	10	6.97	4.26	2015	6	33.6
Ben Victor	WR	Ohio State	6' 4"	198	24.10	4.60	88.4	35.0	128.0	9	7.10	-	2020	-	33.5
Josh Davis	WR	Marshall	6' 0"	191	25.90	4.52	91.5	37.5	118.0	-	7.19	4.22	2005	-	33.4
Mario Urrutia	WR	Louisville	6' 5"	232	27.51	4.59	104.5	30.0	115.0	16	7.07	4.44	2008	7	33.3
Paul Richardson	WR	Colorado	6' 0"	175	23.73	4.40	93.4	38.0	124.0	-	7.09	-	2014	2	33.2
Windrell Hayes	WR	USC	5' 11"	204	28.45	4.50	99.5	-	-	-	7.33	4.18	2000	5	33.1
James Jones	WR	San Jose St.	6' 1"	207	27.31	4.54	97.4	34.0	119.0	22	7.06	4.20	2007	3	33.0
Emmanuel Henderson Jr.	WR	Kansas	6' 1"	185	24.41	4.44	95.2	35.0	120.0	-	-	-	2026	TBD	33.0
Trishton Jackson	WR	Syracuse	6' 1"	197	25.99	4.50	96.1	36.0	117.0	-	-	-	2020	-	32.9
Trey Quinn	WR	SMU	5' 11"	203	28.31	4.55	94.7	33.5	116.0	17	6.91	4.19	2018	7	32.8
Mardy Gilyard	WR	Cincinnati	6' 0"	187	25.36	4.61	82.8	39.0	116.0	-	6.92	4.40	2010	4	32.7
Richie Ross	WR	Nebraska-Kearney	6' 4"	209	25.44	4.61	92.5	37.0	120.0	-	6.95	4.29	2006	-	32.6
Jeremy Gallon	WR	Michigan	5' 7"	185	28.97	4.49	91.0	-	-	15	-	-	2014	7	32.5
Terrance Williams	WR	Baylor	6' 2"	208	26.70	4.52	99.7	32.5	119.0	11	7.01	4.32	2013	3	32.4
Cade Johnson	WR	South Dakota State	5' 10.5"	184	26.03	4.51	88.9	35.0	114.0	11	-	-	2021	-	32.3
James Washington	WR	Oklahoma St.	5' 11"	213	29.70	4.54	100.3	34.5	120.0	14	7.11	4.32	2018	2	32.3
Earl Bennett	WR	Vanderbilt	5' 11"	209	29.15	4.48	103.8	26.0	110.0	15	7.15	4.22	2008	3	32.2
Ryan Grant	WR	Tulane	6' 0"	199	26.99	4.64	85.9	35.5	119.0	8	6.68	4.11	2014	5	32.1
Lestar Jean	WR	Florida Atlantic	6' 3"	215	26.87	4.61	95.2	37.5	113.0	14	7.45	4.43	2011	-	32.0
Ricky Seals-Jones	WR	Texas A&M	6' 5"	243	28.81	4.69	100.4	28.0	121.0	17	7.46	4.33	2017	-	31.9
Brian Hartline	WR	Ohio St.	6' 2"	195	25.03	4.49	96.0	34.5	120.0	-	6.65	4.12	2009	4	31.8
Deon Long	WR	Maryland	6' 0"	192	26.04	4.51	92.8	34.0	120.0	12	6.98	4.27	2015	-	31.6
Richmond Flowers	WR	Tenn-Chattanooga	5' 11"	195	27.19	4.55	91.0	35.5	114.0	-	6.98	3.96	2001	-	31.6
Cam Worthy	WR	East Carolina	6' 2"	211	27.09	4.59	95.1	-	-	12	-	-	2015	-	31.6
Adrian Madise	WR	TCU	5' 11"	215	29.98	4.49	105.8	32.0	119.0	-	7.32	4.26	2003	5	31.5
Devon Williams	WR	Oregon	6' 5"	210	24.90	4.65	89.8	33.0	133.0	-	-	-	2022	-	31.4
T.J. Moe	WR	Missouri	5' 11"	204	28.45	4.74	80.8	36.0	120.0	26	6.53	3.96	2013	-	31.3
Chad Hansen	WR	California	6' 2"	202	25.93	4.53	95.9	35.0	119.0	11	6.74	4.13	2017	4	31.2
Xavier Hutchinson	WR	Iowa State	6' 2"	203	26.06	4.53	96.4	36.0	116.0	-	6.91	4.35	2023	6	31.1
Karaun White	WR	West Virginia	6' 1"	206	27.18	4.52	98.7	33.5	118.0	24	7.16	4.57	2018	-	31.0
Quintez Cephus	WR	Wisconsin	6' 1"	202	26.65	4.73	80.7	38.5	124.0	23	7.20	4.33	2020	5	30.9
Kerry Meier	WR	Kansas	6' 2"	224	28.76	4.62	98.3	35.0	115.0	13	-	4.23	2010	5	30.9
Terry Godwin	WR	Georgia	5' 11"	184	25.66	4.55	85.9	36.5	117.0	-	6.96	-	2019	7	30.8
Isaiah Ford	WR	Virginia Tech	6' 1"	194	25.59	4.61	85.9	35.5	127.0	14	6.94	4.34	2017	7	30.7
DaVaris Daniels	WR	Notre Dame	6' 1"	201	26.52	4.62	88.2	37.0	122.0	13	-	-	2015	-	30.6
J.R. Russell	WR	Louisville	6' 3"	206	25.75	4.56	95.3	34.5	-	-	-	-	2005	7	30.5
Dan Stricker	WR	Vanderbilt	6' 2"	203	26.06	4.68	84.6	39.0	122.0	-	6.91	4.16	2003	-	30.4
Travis Brown	WR	New Mexico	6' 2"	202	25.93	4.49	99.4	30.0	120.0	13	7.18	4.38	2008	-	30.3
Adrian Arrington	WR	Michigan	6' 3"	203	25.37	4.55	94.7	-	-	-	-	-	2008	7	30.2
Sylvester Morris	WR	Jackson St.	6' 3"	216	27.00	4.60	96.5	34.5	119.0	-	7.06	4.17	2000	1	30.2
Vinny Anthony II	WR	Wisconsin	6' 0"	183	24.82	4.54	86.2	34.5	-	15	6.86	4.07	2026	TBD	30.0
Marquess Wilson	WR	Washington St.	6' 3"	194	24.25	4.51	93.8	34.5	122.0	7	6.65	4.33	2013	7	30.0
Kaden Prather	WR	Maryland	6' 3.5"	204	25.16	4.46	103.1	30.0	114.0	-	-	-	2025	7	29.9
Steven Mitchell	WR	USC	5' 10"	189	27.12	4.56	87.4	32.5	121.0	13	6.75	4.40	2018	-	29.8
Kenneth Moore	WR	Wake Forest	5' 11"	195	27.19	4.47	97.7	28.0	120.0	-	7.09	4.30	2008	5	29.6
Jock Sanders	WR	West Virginia	5' 6"	181	29.21	4.50	88.3	34.5	121.0	19	6.78	4.13	2011	-	29.6
Joe West	WR	Texas-El Paso	6' 1"	213	28.10	4.52	102.1	32.0	113.0	20	6.96	4.33	2008	-	29.5
B.J. Cunningham	WR	Michigan St.	6' 1"	211	27.84	4.52	101.1	31.5	116.0	12	7.10	-	2012	6	29.4
Malik Heath	WR	Mississippi	6' 2"	213	27.34	4.64	91.9	34.0	124.0	-	6.96	4.46	2023	-	29.2
Nick Nash	WR	San Jose St.	6' 2.5"	203	25.71	4.57	93.1	34.0	123.0	-	-	-	2025	-	29.2
Marquay McDaniel	WR	Kansas St.	5' 10"	205	29.41	4.52	98.2	33.5	114.0	19	7.13	4.35	2007	-	29.2
Antwane Wells Jr.	WR	Ole Miss	6' 1"	201	26.52	4.58	91.4	34.0	124.0	-	-	-	2025	-	29.1
Austin Pettis	WR	Boise St.	6' 3"	209	26.12	4.56	96.7	33.5	120.0	14	6.68	3.88	2011	3	29.0
Demarcus Robinson	WR	Florida	6' 1"	203	26.78	4.59	91.5	34.5	123.0	-	6.77	4.19	2016	4	28.9
Brandon LaFell	WR	LSU	6' 2"	211	27.09	4.58	95.9	36.0	115.0	-	6.81	4.23	2010	3	28.8
Jordan Lasley	WR	UCLA	6' 1"	203	26.78	4.50	99.0	34.5	112.0	8	-	4.19	2018	5	28.7
Kevin Beard	WR	Miami (FL)	6' 0"	180	24.41	4.46	91.0	31.0	113.0	-	-	-	2004	-	28.7
Jalen Brooks	WR	South Carolina	6' 1"	201	26.52	4.69	83.1	35.0	130.0	-	7.15	4.31	2023	7	28.5
Reggie Harrell	WR	TCU	6' 3"	214	26.75	4.58	97.3	35.0	115.0	-	7.42	4.11	2005	-	28.5
Corey Brown	WR	Tulsa	6' 0"	202	27.39	4.63	87.9	39.5	126.0	-	-	-	2001	-	28.4
Brennan Marion	WR	Tulsa	5' 11"	187	26.08	4.52	89.6	-	-	-	-	-	2009	-	28.3
Danario Alexander	WR	Missouri	6' 5"	215	25.49	4.62	94.4	-	-	-	-	-	2010	-	28.2
Rueben Randle	WR	LSU	6' 3"	210	26.25	4.55	98.0	31.0	121.0	15	6.99	4.36	2012	2	28.1
Hunter Renfrow	WR	Clemson	5' 10"	184	26.40	4.59	82.9	35.0	116.0	7	6.80	4.19	2019	5	28.0
Austin Collie	WR	BYU	6' 1"	200	26.38	4.53	95.0	34.0	120.0	17	6.78	4.24	2009	4	28.0
Ryan Moore	WR	Miami (FL)	6' 2"	217	27.86	4.54	102.2	32.0	110.0	-	6.87	4.35	2007	-	27.9
Jordan White	WR	West. Michigan	6' 0"	208	28.21	4.63	90.5	35.0	119.0	14	6.84	4.13	2012	7	27.7
David Martin	WR	Tennessee	6' 4"	242	29.45	4.76	94.3	-	-	-	-	-	2001	6	27.7
David Anderson	WR	Colorado St.	5' 10"	192	27.55	4.57	88.0	34.0	116.0	-	6.88	4.20	2006	7	27.6
Terrance Copper	WR	East Carolina	6' 0"	208	28.21	4.53	98.8	35.5	116.0	-	7.34	4.31	2004	-	27.5
Joe Adams	WR	Arkansas	5' 11"	179	24.96	4.51	86.5	36.0	123.0	-	7.09	-	2012	4	27.4
Dez Lewis	WR	Central Arkansas	6' 4"	214	26.05	4.58	97.3	33.5	119.0	16	7.11	4.28	2015	-	27.3
Marcell Ateman	WR	Oklahoma St.	6' 4"	216	26.29	4.62	94.8	34.0	121.0	13	7.07	4.25	2018	7	27.3
Marvin Jones	WR	California	6' 2"	199	25.55	4.46	100.6	33.0	112.0	22	6.81	4.11	2012	5	27.2
Joey Hamilton	WR	Jacksonville St.	6' 1"	201	26.52	4.54	94.6	36.0	116.0	-	7.57	4.41	2000	-	27.1
Keith Mumphery	WR	Michigan St.	6' 0"	215	29.16	4.54	101.2	32.5	121.0	-	7.07	4.25	2015	5	27.0
Syvelle Newton	WR	South Carolina	6' 1"	218	28.76	4.64	94.1	-	-	20	-	-	2007	-	26.9
Dai'Jean Dixon	WR	Nicholls St.	6' 3"	205	25.62	4.62	90.0	34.0	125.0	-	7.28	4.42	2022	-	26.8
Arnold Jackson	WR	Louisville	5' 8"	167	25.39	4.48	82.9	41.0	127.0	-	7.42	4.11	2001	-	26.7
Justin Harper	WR	Virginia Tech	6' 3"	213	26.62	4.56	98.5	28.5	120.0	-	7.03	4.43	2008	7	26.6
Pete Rebstock	WR	Colorado St.	5' 9"	190	28.06	4.50	92.7	-	-	-	-	-	2002	-	26.6
Jordan Addison	WR	USC	5' 11"	173	24.13	4.49	85.1	34.0	122.0	-	-	-	2023	1	26.5
Anthony Lucas	WR	Arkansas	6' 3"	194	24.25	4.53	92.1	35.0	121.0	-	-	-	2000	4	26.4
Chris Coleman	WR	North Carolina St.	6' 0"	211	28.61	4.61	93.4	32.5	110.0	-	6.79	4.10	2000	-	26.3
Robert Woods	WR	USC	6' 0"	201	27.26	4.51	97.2	33.5	117.0	14	7.15	4.47	2013	2	26.2
Kelvin Harmon	WR	North Carolina St.	6' 2"	221	28.37	4.60	98.7	32.5	117.0	18	7.15	4.32	2019	6	26.1
Dontario Drummond	WR	Mississippi	6' 1"	215	28.36	4.65	92.0	34.0	122.0	-	-	-	2022	-	26.0
Jason Avant	WR	Michigan	6' 0"	212	28.75	4.62	93.1	37.0	118.0	20	-	-	2006	4	25.9
Traeshon Holden	WR	Oregon	6' 2"	205	26.32	4.57	94.0	32.0	123.0	-	-	-	2025	-	25.8
Cody White	WR	Michigan State	6' 3"	217	27.12	4.66	92.0	35.5	120.0	-	7.19	4.52	2020	-	25.8
Antonio Bryant	WR	Pittsburgh	6' 1"	188	24.80	4.57	86.2	37.0	121.0	-	-	-	2002	2	25.7
Martin Nance	WR	Miami (OH)	6' 4"	213	25.92	4.55	99.4	33.5	112.0	-	6.91	4.08	2006	-	25.6
Vince Mayle	WR	Washington St.	6' 2"	224	28.76	4.67	94.2	35.5	117.0	-	6.93	4.13	2015	4	25.5
Keenan Allen	WR	California	6' 2"	206	26.45	4.58	93.6	-	-	-	-	-	2013	3	25.4
Ed Hinkel	WR	Iowa	6' 0"	190	25.77	4.54	89.4	34.0	116.0	-	6.97	4.10	2006	-	25.3
Kayshon Boutte	WR	LSU	5' 11"	195	27.19	4.50	95.1	29.0	118.0	-	-	4.25	2023	6	25.2
Jason Carter	WR	Texas A&M	6' 0"	211	28.61	4.60	94.2	33.0	116.0	-	6.89	4.21	2006	-	25.1
Pharoh Cooper	WR	South Carolina	5' 11"	203	28.31	4.52	97.3	31.0	115.0	15	-	-	2016	4	25.1
Marshall Williams	WR	Wake Forest	6' 1"	188	24.80	4.56	87.0	35.5	123.0	9	6.61	4.09	2011	-	25.0
Brandon Williams	WR	Wisconsin	5' 9"	179	26.43	4.48	88.9	34.5	115.0	-	6.87	4.07	2006	3	24.9
Antwone Savage	WR	Oklahoma	5' 11"	192	26.78	4.47	96.2	32.0	118.0	-	7.37	4.37	2003	-	24.8
Jalen Robinette	WR	Air Force	6' 3"	220	27.50	4.62	96.6	31.5	120.0	13	6.77	4.46	2017	-	24.7
Jamal Burke	WR	Boston Col.	6' 0"	204	27.66	4.56	94.4	36.0	119.0	-	7.20	4.13	2003	-	24.6
Troy Franklin	WR	Oregon	6' 2"	176	22.59	4.41	93.1	39.0	124.0	-	6.90	4.31	2024	4	24.5
Koren Robinson	WR	North Carolina St.	6' 1"	211	27.84	4.61	93.4	-	-	-	-	-	2001	1	24.4
De'Cody Fagg	WR	Florida St.	6' 1"	211	27.84	4.61	93.4	-	-	-	-	-	2008	-	24.4
Malcolm Kelly	WR	Oklahoma	6' 4"	224	27.26	4.68	93.4	-	-	-	-	-	2008	2	24.3
David Richmond	WR	San Jose St.	6' 2"	197	25.29	4.59	88.8	36.5	-	-	-	4.42	2009	-	24.1
Brandon Tate	WR	North Carolina	6' 0"	183	24.82	4.52	87.7	-	-	-	-	-	2009	3	24.1
Kobe Hudson	WR	UCF	6' 1"	193	25.46	4.57	88.5	35.0	122.0	-	-	-	2025	-	24.0
Ronney Daniels	WR	Auburn	6' 1"	212	27.97	4.61	93.9	34.5	118.0	-	-	-	2001	-	23.9
Kearis Jackson	WR	Georgia	5' 11"	196	27.33	4.55	91.5	-	126.0	-	-	-	2023	-	23.8
Isaiah Burse	WR	Fresno St.	5' 10"	188	26.97	4.58	85.5	31.0	115.0	16	6.74	3.94	2014	-	23.7
Mark Dell	WR	Michigan St.	6' 0"	193	26.17	4.54	90.9	-	-	14	-	-	2011	-	23.7
Darius Hanks	WR	Alabama	6' 0"	184	24.95	4.52	88.2	34.0	117.0	11	-	-	2012	-	23.6
Mark Bradford	WR	Stanford	6' 1"	211	27.84	4.69	87.2	36.5	120.0	19	7.12	4.47	2008	-	23.5
Austin Franklin	WR	New Mexico St.	5' 11"	189	26.36	4.56	87.4	36.0	124.0	7	7.07	4.33	2014	-	23.4
Billy McMullen	WR	Virginia	6' 4"	210	25.56	4.61	93.0	-	-	-	-	-	2003	3	23.2
Harrison Wallace III	WR	Mississippi	6' 0"	192	26.04	4.54	90.4	-	-	-	-	-	2026	TBD	23.2
Lane Danielson	WR	Iowa St.	6' 0"	197	26.72	4.60	88.0	31.0	117.0	-	6.72	3.94	2004	-	23.1
Jakobi Meyers	WR	North Carolina St.	6' 2"	203	26.06	4.63	88.3	37.0	118.0	13	7.07	4.23	2019	-	23.0
Fred Gibson	WR	Georgia	6' 4"	196	23.86	4.55	91.5	38.5	126.0	-	7.03	4.10	2005	4	23.0
Jalen Saunders	WR	Oklahoma	5' 9"	165	24.36	4.44	84.9	34.0	122.0	-	-	-	2014	4	22.9
Ryan Grice-Mullen	WR	Hawaii	5' 10"	187	26.83	4.53	88.8	27.5	118.0	17	6.91	4.16	2008	-	22.8
Dax Milne	WR	BYU	6' 0.5"	193	25.81	4.56	89.3	31.0	114.0	14	6.85	4.22	2021	7	22.7
Joel Filani	WR	Texas Tech	6' 2"	211	27.09	4.57	96.7	32.5	117.0	17	-	-	2007	6	22.6
Damarkus Lodge	WR	Mississippi	6' 2"	202	25.93	4.55	94.3	33.5	119.0	11	7.06	4.53	2019	-	22.4
Kelvin Kight	WR	Florida	6' 0"	213	28.88	4.56	98.5	34.0	109.0	-	7.18	4.24	2004	-	22.4
Vincent Brown	WR	San Diego St.	5' 11"	187	26.08	4.68	78.0	33.5	121.0	12	6.64	4.25	2011	3	22.3
Marlon Brown	WR	Georgia	6' 4"	213	25.92	4.63	92.7	-	-	-	-	-	2013	-	22.3
Chris Finke	WR	Notre Dame	5' 9"	186	27.46	4.57	85.3	40.0	-	7	-	-	2020	-	22.2
Quadree Henderson	WR	Pittsburgh	5' 8"	192	29.19	4.50	93.6	32.5	120.0	12	6.89	4.28	2018	-	22.1
Titus Davis	WR	Central Michigan	6' 1"	196	25.86	4.51	94.8	32.5	119.0	-	7.14	4.28	2015	-	22.0
Jordan Shipley	WR	Texas	5' 11"	193	26.92	4.60	86.2	36.5	116.0	16	-	-	2010	3	21.9
Ricky White III	WR	UNLV	6' 1"	184	24.27	4.61	81.5	36.0	123.0	-	-	-	2025	7	21.8
Kendrick Bourne	WR	East. Washington	6' 1"	203	26.78	4.68	84.6	34.0	125.0	9	6.73	4.21	2017	-	21.7
Shawn Mills	WR	Southern Miss	6' 0"	180	24.41	4.51	87.0	34.5	116.0	-	7.12	4.15	2001	-	21.6
Ron Dugans	WR	Florida St.	6' 1"	206	27.18	4.58	93.6	-	117.0	-	-	-	2000	3	21.5
Clinton Solomon	WR	Iowa	6' 3"	214	26.75	4.58	97.3	33.0	114.0	-	7.17	4.46	2006	-	21.5
Riley Ridley	WR	Georgia	6' 1"	199	26.25	4.58	90.5	30.5	124.0	13	7.22	4.28	2019	4	21.4
LaTarence Dunbar	WR	TCU	5' 11"	196	27.33	4.52	93.9	34.0	122.0	-	7.41	4.35	2003	6	21.3
Kendrick Starling	WR	San Jose St.	6' 1"	193	25.46	4.49	95.0	31.5	119.0	-	6.88	3.87	2004	-	21.1
Derrick Hamilton	WR	Clemson	6' 3"	196	24.50	4.54	92.3	-	-	-	-	-	2004	3	21.1
Kenbrell Thompkins	WR	Cincinnati	6' 1"	193	25.46	4.54	90.9	33.5	121.0	8	6.88	4.21	2013	-	21.0
Scottie Montgomery	WR	Duke	6' 0"	196	26.58	4.57	89.9	36.0	117.0	-	7.16	4.11	2000	-	20.9
Ron Johnson	WR	Minnesota	6' 2"	225	28.89	4.70	92.2	34.5	118.0	-	7.12	4.02	2002	4	20.8
Amari Rodgers	WR	Clemson	5' 9.5"	212	30.85	4.51	102.5	33.0	121.0	19	7.07	4.31	2021	3	20.8
Chad Owens	WR	Hawaii	5' 7"	183	28.66	4.62	80.3	37.0	116.0	-	6.70	3.94	2005	6	20.7
Sammie Stroughter	WR	Oregon St.	5' 9"	189	27.91	4.45	96.4	30.0	110.0	13	7.03	4.28	2009	7	20.5
Kevin Youngblood	WR	Clemson	6' 4"	213	25.92	4.64	91.9	34.0	-	-	-	-	2004	-	20.5
Tez Johnson	WR	Oregon	5' 10"	154	22.09	4.51	74.4	37.0	131.0	-	6.65	4.15	2025	7	20.4
JaJuan Dawson	WR	Tulane	6' 1"	199	26.25	4.55	92.9	34.0	117.0	-	6.96	4.16	2000	3	20.3
Isaiah Williams	WR	Illinois	5' 9"	182	26.87	4.63	79.2	38.0	123.0	17	6.75	-	2024	-	20.2
Preston Parker	WR	Florida St.	5' 11"	199	27.75	4.59	89.7	35.0	117.0	16	-	4.16	2010	-	20.1
Seyi Ajirotutu	WR	Fresno St.	6' 3"	204	25.50	4.60	91.1	36.0	115.0	14	7.22	4.39	2010	-	20.1
Antonio Brown	WR	Central Michigan	5' 10"	186	26.69	4.56	86.0	33.5	105.0	13	6.98	4.18	2010	6	20.0
Jemalle Cornelius	WR	Florida	5' 11"	184	25.66	4.57	84.4	34.5	123.0	-	6.99	4.30	2007	-	19.9
Ryan Switzer	WR	North Carolina	5' 8"	181	27.52	4.51	87.5	32.0	116.0	11	6.77	4.00	2017	4	19.8
Darrell Jackson	WR	Florida	6' 0"	197	26.72	4.56	91.1	-	-	-	-	-	2000	3	19.7
Kermit Whitfield	WR	Florida St.	5' 8"	185	28.13	4.44	95.2	32.5	120.0	8	7.17	4.37	2017	-	19.6
Darius Watts	WR	Marshall	6' 1"	188	24.80	4.50	91.7	-	-	-	-	-	2004	2	19.5
Geronimo Allison	WR	Illinois	6' 3"	196	24.50	4.67	82.4	33.0	127.0	-	7.40	4.28	2016	-	19.4
Diontae Johnson	WR	Toledo	5' 10"	183	26.25	4.53	86.9	33.5	123.0	15	7.09	4.45	2019	3	19.4
Trey Burton	WR	Florida	6' 2"	224	28.76	4.62	98.3	30.0	112.0	-	7.14	4.32	2014	-	19.3
Mitchell Tinsley	WR	Penn State	6' 0"	199	26.99	4.60	88.9	35.5	120.0	14	-	4.21	2023	-	19.2
Carlos Wright	WR	Tennessee St.	6' 1"	203	26.78	4.65	86.8	34.0	122.0	-	7.12	4.31	2004	-	19.1
Johnny Holton	WR	Cincinnati	6' 1"	190	25.06	4.54	89.4	31.5	123.0	8	-	-	2016	-	19.0
George Wilson	WR	Arkansas	6' 0"	213	28.88	4.63	92.7	35.0	120.0	-	7.07	3.98	2004	-	18.9
Dexter McCluster	WR	Mississippi	5' 9"	172	25.40	4.53	81.7	37.5	118.0	20	-	4.06	2010	2	18.8
Danny Amendola	WR	Texas Tech	5' 10"	183	26.25	4.58	83.2	27.5	103.0	13	6.81	4.25	2008	-	18.7
Jamarius Way	WR	South Alabama	6' 3"	215	26.87	4.63	93.6	32.5	119.0	16	-	4.66	2019	-	18.7
Warren Jackson	WR	Colorado State	6' 6"	219	25.31	4.71	89.0	33.5	123.0	11	7.71	4.51	2021	-	18.5
Keith Smith	WR	San Jose St.	6' 2"	214	27.47	4.65	91.5	-	-	-	-	-	2011	-	18.5
Konata Mumpfield	WR	Pittsburgh	5' 11.5"	186	25.58	4.59	83.8	36.0	124.0	-	-	-	2025	7	18.4
Steve Neal	WR	West. Michigan	6' 1"	190	25.06	4.59	85.6	36.0	119.0	-	7.18	4.19	2001	-	18.3
Keon Hatcher	WR	Arkansas	6' 1"	212	27.97	4.64	91.5	-	-	16	-	-	2017	-	18.2
Andrae Thurman	WR	Arizona	5' 11"	192	26.78	4.54	90.4	34.5	121.0	-	7.31	4.30	2004	-	18.1
Maurice Brown	WR	Iowa	6' 0"	219	29.70	4.56	101.3	33.0	117.0	-	7.38	4.21	2004	-	18.0
Jared Abbrederis	WR	Wisconsin	6' 1"	195	25.72	4.50	95.1	30.5	117.0	4	6.80	4.08	2014	5	17.9
Duke Williams	WR	Auburn	6' 2"	229	29.40	4.72	92.3	30.0	121.0	14	7.43	4.47	2016	-	17.9
Brandon Gibson	WR	Washington St.	6' 0"	210	28.48	4.59	94.6	-	-	-	-	-	2009	6	17.7
Allen Hurns	WR	Miami (FL)	6' 1"	198	26.12	4.55	92.4	31.0	120.0	14	7.23	4.50	2014	-	17.7
Jarrett Hicks	WR	Texas Tech	6' 3"	210	26.25	4.67	88.3	34.5	120.0	-	-	-	2007	-	17.6
Carlos Perez	WR	Florida	5' 11"	203	28.31	4.78	77.8	38.0	118.0	-	-	4.45	2004	-	17.5
J.R. Tolver	WR	San Diego St.	6' 1"	202	26.65	4.67	84.9	36.0	119.0	-	6.99	4.23	2003	5	17.4
Tyler Boyd	WR	Pittsburgh	6' 1"	197	25.99	4.58	89.5	34.0	119.0	11	6.90	4.35	2016	2	17.3
Chastin West	WR	Fresno St.	6' 0"	212	28.75	4.59	95.5	33.5	113.0	15	-	-	2010	-	17.2
Carnell Tate	WR	Ohio State	6' 2"	192	24.65	4.53	91.2	-	-	-	-	-	2026	TBD	17.2
Cobi Hamilton	WR	Arkansas	6' 2"	212	27.22	4.56	98.1	29.5	107.0	11	-	4.31	2013	6	17.1
Chris Denney	WR	Nebraska-Omaha	6' 3"	224	28.00	4.65	95.8	33.0	110.0	13	7.02	4.33	2006	-	17.0
Roger Lewis	WR	Bowling Green	6' 0"	201	27.26	4.57	92.2	33.5	116.0	8	-	-	2016	-	16.9
Early Doucet	WR	LSU	6' 0"	209	28.34	4.59	94.2	-	-	-	-	-	2008	3	16.8
Damarius Bilbo	WR	Georgia Tech	6' 2"	214	27.47	4.70	87.7	36.5	115.0	19	6.90	4.18	2006	-	16.7
Greg Lee	WR	Pittsburgh	6' 2"	201	25.80	4.59	90.6	35.5	114.0	-	6.80	4.09	2006	-	16.5
Dante' Ridgeway	WR	Ball St.	5' 11"	212	29.56	4.57	97.2	33.0	117.0	-	7.25	4.39	2005	-	16.5
Jeremy Bloom	WR	Colorado	5' 9"	173	25.54	4.49	85.1	-	-	-	-	-	2006	5	16.5
D.J. Hall	WR	Alabama	6' 2"	193	24.78	4.54	90.9	29.5	122.0	-	-	-	2008	-	16.4
Ryan Broyles	WR	Oklahoma	5' 10"	192	27.55	4.57	88.0	-	-	21	-	-	2012	2	16.3
Efrem Hill	WR	Samford	6' 0"	179	24.27	4.58	81.4	37.5	124.0	-	7.42	4.07	2005	-	16.1
Alonzo Russell	WR	Toledo	6' 4"	206	25.07	4.54	97.0	29.5	112.0	12	7.18	4.33	2016	-	16.0
Shay Hodge	WR	Mississippi	6' 1"	209	27.57	4.62	91.8	33.5	117.0	11	6.90	4.32	2010	-	15.9
Austin Mack	WR	Ohio State	6' 1"	208	27.44	4.59	93.7	31.5	117.0	-	-	4.42	2020	-	15.8
Jake Wieneke	WR	South Dakota St.	6' 4"	221	26.90	4.67	92.9	34.0	114.0	9	7.24	4.37	2018	-	15.8
Kalija Lipscomb	WR	Vanderbilt	6' 0"	207	28.07	4.57	94.9	32.0	127.0	16	-	-	2020	-	15.7
Rashawn Scott	WR	Miami (FL)	6' 1"	199	26.25	4.54	93.7	32.5	116.0	17	-	-	2016	-	15.6
Quan Cosby	WR	Texas	5' 9"	196	28.94	4.50	95.6	-	-	-	7.28	4.47	2009	-	15.5
Quinton Spotwood	WR	Syracuse	5' 11"	184	25.66	4.55	85.9	33.5	123.0	-	-	-	2000	-	15.4
Troy Walters	WR	Stanford	5' 6"	171	27.60	4.55	79.8	32.5	106.0	-	6.61	3.84	2000	5	15.3
Frank Darby	WR	Arizona State	6' 0"	201	27.26	4.59	90.6	34.5	117.0	19	7.15	4.23	2021	6	15.2
Mike Hass	WR	Oregon St.	6' 1"	208	27.44	4.59	93.7	32.0	116.0	-	6.97	4.14	2006	6	15.1
Justin Jenkins	WR	Mississippi St.	5' 11"	213	29.70	4.60	95.1	35.0	123.0	-	7.47	4.16	2004	-	15.1
David Bell	WR	Purdue	6' 1"	212	27.97	4.65	90.7	33.0	118.0	-	7.14	4.57	2022	3	15.0
Chris Henry	WR	West Virginia	6' 4"	197	23.98	4.50	96.1	-	-	-	-	-	2005	3	14.9
Marquis Maze	WR	Alabama	5' 8"	186	28.28	4.51	89.9	33.5	112.0	-	-	-	2012	-	14.8
Brandon Lloyd	WR	Illinois	6' 0"	184	24.95	4.62	80.8	36.0	-	-	-	-	2003	4	14.7
Carl Morris	WR	Harvard	6' 3"	214	26.75	4.65	91.5	33.5	116.0	-	6.93	4.09	2003	-	14.6
Ray-ray McCloud	WR	Clemson	5' 9"	190	28.06	4.53	90.2	34.5	113.0	13	-	-	2018	6	14.5
Gabe Marks	WR	Washington St.	5' 11"	189	26.36	4.56	87.4	29.5	117.0	11	7.01	4.20	2017	-	14.3
Aaron Parker	WR	Rhode Island	6' 2"	209	26.83	4.57	95.8	26.5	112.0	12	6.94	4.23	2020	-	14.3
Peter Warrick	WR	Florida St.	5' 11"	194	27.05	4.58	88.2	-	-	-	-	-	2000	1	14.2
James Williams	WR	Marshall	5' 11"	180	25.10	4.59	81.1	36.0	123.0	-	7.22	4.16	2000	6	14.1
Aaron Burbridge	WR	Michigan St.	6' 0"	206	27.94	4.56	95.3	30.5	115.0	20	7.22	4.31	2016	6	14.0
Auden Tate	WR	Florida St.	6' 5"	228	27.03	4.68	95.1	31.0	112.0	-	-	-	2018	7	13.9
Maurice Mann	WR	Nevada	6' 1"	191	25.20	4.57	87.6	34.0	118.0	-	-	-	2004	5	13.8
Bobby Wade	WR	Arizona	5' 10"	193	27.69	4.66	81.9	34.5	115.0	-	7.01	4.11	2003	5	13.7
Cayleb Jones	WR	Arizona	6' 3"	209	26.12	4.65	89.4	33.5	-	9	6.99	4.14	2016	-	13.6
Simmie Cobbs	WR	Indiana	6' 3"	220	27.50	4.64	94.9	30.0	113.0	11	6.70	4.32	2018	-	13.6
Skyler Green	WR	LSU	5' 9"	192	28.35	4.53	91.2	34.0	118.0	-	-	-	2006	4	13.4
Keary Colbert	WR	USC	6' 1"	207	27.31	4.60	92.5	30.0	-	-	-	-	2004	2	13.4
Nate Swift	WR	Nebraska	6' 1"	203	26.78	4.63	88.3	35.5	110.0	12	6.78	4.24	2009	-	13.3
Taj Smith	WR	Syracuse	6' 0"	187	25.36	4.59	84.3	35.0	119.0	-	7.15	4.50	2008	-	13.2
Tutu Atwell	WR	Louisville	5' 9"	155	22.89	4.35	86.6	33.0	117.0	-	6.87	4.09	2021	2	13.1
Eric Page	WR	Toledo	5' 9"	186	27.46	4.50	90.7	30.0	112.0	15	6.95	3.98	2012	-	13.0
Theo Wease Jr.	WR	Missouri	6' 3"	200	25.00	4.56	92.5	31.0	117.0	-	-	-	2025	-	12.9
Lee Mays	WR	Texas-El Paso	6' 1"	190	25.06	4.55	88.7	32.5	119.0	-	7.08	4.17	2002	6	12.9
Cody Hoffman	WR	BYU	6' 4"	223	27.14	4.65	95.4	27.5	108.0	13	6.89	4.20	2014	-	12.8
Kahlil Hill	WR	Iowa	6' 2"	200	25.68	4.65	85.6	35.0	-	-	-	-	2002	6	12.7
Hunter Sharp	WR	Utah St.	5' 11"	198	27.61	4.58	90.0	32.5	116.0	12	7.12	4.19	2016	-	12.6
Nyan Boateng	WR	California	6' 1"	204	26.91	4.66	86.5	36.0	112.0	14	7.35	4.69	2010	-	12.5
Reggie Ball	WR	Georgia Tech	5' 11"	203	28.31	4.67	85.4	30.0	112.0	15	6.90	4.19	2007	-	12.4
Travin Dural	WR	LSU	6' 1"	202	26.65	4.57	92.6	30.5	116.0	-	7.29	4.55	2017	-	12.3
Lavelle Hawkins	WR	California	5' 11"	187	26.08	4.57	85.7	-	117.0	14	-	-	2008	4	12.2
Chris Jones	WR	Alabama	5' 10"	182	26.11	4.63	79.2	32.5	119.0	8	6.91	4.19	2015	-	12.2
Jabar Gaffney	WR	Florida	6' 1"	193	25.46	4.56	89.3	-	-	-	6.87	4.06	2002	2	12.0
Todd Blythe	WR	Iowa St.	6' 5"	214	25.37	4.65	91.5	31.5	118.0	-	6.92	4.23	2008	-	12.0
Kyle Philips	WR	UCLA	5' 11"	189	26.36	4.58	85.9	33.5	124.0	-	-	-	2022	5	11.9
Tony Lippett	WR	Michigan St.	6' 2"	192	24.65	4.61	85.0	36.0	114.0	10	6.92	4.13	2015	5	11.8
Dazz Newsome	WR	North Carolina	5' 10"	190	27.26	4.57	87.1	34.0	121.0	12	7.39	4.39	2021	6	11.7
Aaron Fuller	WR	Washington	5' 11"	188	26.22	4.59	84.7	34.0	118.0	-	7.14	-	2020	-	11.6
Brandon Kaufman	WR	East. Washington	6' 5"	216	25.61	4.67	90.8	33.5	115.0	9	7.11	4.44	2013	-	11.5
Tajae Sharpe	WR	Massachusetts	6' 2"	194	24.91	4.55	90.5	33.5	114.0	11	-	-	2016	5	11.5
Gari Scott	WR	Michigan St.	6' 0"	194	26.31	4.59	87.4	33.5	119.0	-	-	-	2000	4	11.4
Conner Vernon	WR	Duke	6' 0"	196	26.58	4.68	81.7	32.5	125.0	-	6.93	4.22	2013	-	11.3
Ross Scheuerman	WR	Lafayette	6' 0"	204	27.66	4.62	89.6	33.0	121.0	15	7.08	4.11	2015	-	11.2
Bashir Yamini	WR	Iowa	6' 3"	191	23.87	4.53	90.7	33.0	130.0	-	7.09	4.18	2000	-	11.1
Victor Bolden Jr.	WR	Oregon St.	5' 8"	178	27.06	4.54	83.8	32.0	117.0	9	6.83	4.22	2017	-	11.0
Lance Moore	WR	Toledo	5' 9"	177	26.14	4.52	84.8	-	-	-	-	-	2005	-	10.9
Alan Bonner	WR	Jacksonville St.	5' 10"	193	27.69	4.59	87.0	33.0	117.0	14	-	4.15	2013	6	10.8
Jamison Crowder	WR	Duke	5' 8"	185	28.13	4.56	85.6	37.0	115.0	10	7.17	4.32	2015	4	10.7
Reggie Virgil	WR	Texas Tech	6' 3"	187	23.37	4.57	85.7	36.0	127.0	-	-	-	2026	TBD	10.7
Jason Rivers	WR	Hawaii	6' 1"	200	26.38	4.59	90.1	30.0	118.0	-	7.03	4.32	2008	-	10.6
Kassim Osgood	WR	San Diego St.	6' 5"	208	24.66	4.68	86.7	31.0	122.0	-	7.19	4.44	2003	-	10.5
Drew Morgan	WR	Arkansas	6' 0"	190	25.77	4.74	75.3	30.0	112.0	10	6.85	4.12	2017	-	10.4
Jovon Bouknight	WR	Wyoming	6' 1"	195	25.72	4.71	79.2	34.0	120.0	-	6.93	4.03	2006	-	10.3
Tony Brown	WR	Colorado	6' 1"	198	26.12	4.65	84.7	33.5	119.0	14	7.21	4.27	2020	-	10.2
Davone Bess	WR	Hawaii	5' 10"	194	27.83	4.64	83.7	31.5	118.0	12	6.97	4.27	2008	-	10.1
Adarius Bowman	WR	Oklahoma St.	6' 3"	223	27.87	4.74	88.4	-	-	14	-	-	2008	-	10.0
Ronald Bellamy	WR	Michigan	6' 0"	208	28.21	4.57	95.4	30.5	119.0	-	7.38	4.10	2003	-	10.0
Brandon Breazell	WR	UCLA	6' 0"	160	21.70	4.41	84.6	30.5	115.0	-	6.97	-	2008	-	9.9
Jaray Jenkins	WR	LSU	6' 2"	204	26.19	4.60	91.1	29.5	-	20	-	-	2023	-	9.8
Travis Rudolph	WR	Florida St.	6' 0"	189	25.63	4.65	80.8	31.5	114.0	12	6.93	4.46	2017	-	9.7
Chris Vance	WR	Ohio St.	6' 1"	189	24.93	4.55	88.2	-	-	-	-	-	2003	-	9.5
Tandon Doss	WR	Indiana	6' 2"	201	25.80	4.62	88.2	-	-	14	-	-	2011	4	9.5
Nelson Spruce	WR	Colorado	6' 1"	206	27.18	4.69	85.2	35.0	114.0	12	7.09	4.20	2016	-	9.4
Javon Green	WR	Colorado	6' 1"	211	27.84	4.73	84.3	35.5	113.0	-	7.41	4.34	2001	-	9.3
Lawrence Story	WR	Jackson St.	6' 5"	205	24.31	4.63	89.2	33.5	114.0	-	7.06	4.16	2002	-	9.3
Tony Johnson	WR	Penn St.	5' 11"	202	28.17	4.61	89.4	32.5	118.0	-	7.16	4.16	2004	-	9.2
Keesean Johnson	WR	Fresno St.	6' 1"	201	26.52	4.60	89.8	30.0	117.0	14	7.28	4.23	2019	6	9.1
Jeff Maehl	WR	Oregon	6' 1"	190	25.06	4.56	87.9	33.5	115.0	-	6.42	3.94	2011	-	8.9
Dres Anderson	WR	Utah	6' 1"	187	24.67	4.54	88.0	-	-	13	-	-	2015	-	8.9
Wendell Montgomery	WR	Wyoming	6' 3"	203	25.37	4.81	75.8	35.5	117.0	-	7.01	4.24	2000	-	8.8
Jayson Swain	WR	Tennessee	6' 0"	212	28.75	4.63	92.3	33.0	-	-	-	-	2007	-	8.7
Alec Lemon	WR	Syracuse	6' 1"	202	26.65	4.59	91.0	32.0	112.0	7	7.04	4.29	2013	-	8.6
James Quick	WR	Louisville	6' 0"	186	25.22	4.60	83.1	31.0	115.0	11	7.00	4.39	2017	-	8.6
Makai Polk	WR	Mississippi St.	6' 3"	195	24.37	4.59	87.9	31.0	119.0	-	-	4.36	2022	-	8.5
Josh Stewart	WR	Oklahoma St.	5' 10"	178	25.54	4.69	73.6	35.0	117.0	11	7.10	4.33	2014	-	8.4
James Rodgers	WR	Oregon St.	5' 7"	184	28.82	4.61	81.5	37.0	115.0	19	-	4.23	2012	-	8.3
Darvin Adams	WR	Auburn	6' 2"	190	24.39	4.56	87.9	-	-	-	-	-	2011	-	8.2
Cooper Kupp	WR	East. Washington	6' 2"	204	26.19	4.62	89.6	31.0	116.0	-	6.75	4.08	2017	3	8.1
Ryan Wolfe	WR	UNLV	6' 1"	205	27.04	4.65	87.7	-	-	13	-	-	2010	-	8.0
Willie Snead	WR	Ball St.	5' 11"	195	27.19	4.62	85.6	33.5	113.0	11	7.19	4.39	2014	-	7.9
Nyqwan Murray	WR	Florida St.	5' 10"	191	27.40	4.63	83.1	34.0	113.0	8	7.20	4.40	2019	-	7.9
Cory Rodgers	WR	TCU	6' 0"	188	25.49	4.58	85.5	33.5	110.0	-	7.37	4.19	2006	4	7.8
Jeremy Kerley	WR	TCU	5' 9"	189	27.91	4.56	87.4	34.5	120.0	16	-	-	2011	5	7.7
K.J. Hill	WR	Ohio State	6' 0"	196	26.58	4.60	87.5	32.5	114.0	17	-	-	2020	7	7.6
Dezmon Briscoe	WR	Kansas	6' 2"	207	26.57	4.66	87.8	33.0	115.0	9	7.10	4.57	2010	6	7.5
Anquan Boldin	WR	Florida St.	6' 1"	216	28.49	4.72	87.0	33.5	114.0	-	7.35	4.33	2003	2	7.4
Lil'Jordan Humphrey	WR	Texas	6' 4"	210	25.56	4.75	82.5	33.5	119.0	13	7.09	4.29	2019	-	7.3
Terrence Edwards	WR	Georgia	6' 0"	176	23.87	4.50	85.8	-	-	-	-	-	2003	-	7.2
Chris Collins	WR	Mississippi	6' 1"	201	26.52	4.69	83.1	35.0	112.0	-	-	-	2004	-	7.1
T.C. Taylor	WR	Jackson St.	6' 4"	219	26.65	4.69	90.5	31.0	114.0	-	7.59	4.25	2002	-	7.1
Michael Clayton	WR	LSU	6' 3"	209	26.12	4.67	87.9	32.5	116.0	-	6.77	4.09	2004	1	7.0
Andre King	WR	Miami (FL)	6' 0"	199	26.99	4.61	88.1	-	-	-	-	-	2001	7	6.9
Howard Gilmore	WR	Norfolk St.	6' 0"	194	26.31	4.71	78.8	36.0	113.0	-	7.56	4.44	2005	-	6.8
Trent Taylor	WR	Louisiana Tech	5' 8"	181	27.52	4.63	78.8	33.0	117.0	13	6.74	4.01	2017	5	6.7
Johnny Johnson III	WR	Oregon	6' 0"	197	26.72	4.60	88.0	32.0	121.0	-	7.21	4.54	2022	-	6.6
Jauan Jennings	WR	Tennessee	6' 3"	215	26.87	4.72	86.6	29.0	119.0	-	-	-	2020	7	6.5
Marlon Williams	WR	UCF	5' 11"	209	29.15	4.66	88.6	33.5	119.0	14	-	4.57	2021	-	6.4
Brandon Banks	WR	Kansas St.	5' 7"	149	23.33	4.37	81.7	31.0	113.0	-	6.88	4.29	2010	-	6.4
Shaheer McBride	WR	Delaware St.	6' 1"	205	27.04	4.61	90.8	29.0	112.0	-	7.12	4.48	2008	-	6.3
Josh Kelly	WR	Texas Tech	6' 0.5"	186	24.88	4.70	76.2	33.0	121.0	-	7.02	-	2025	-	6.2
Kendall Newson	WR	Middle Tennessee State	6' 2"	200	25.68	4.69	82.7	33.5	117.0	-	6.87	4.27	2002	7	6.1
Derek Abney	WR	Kentucky	5' 9"	179	26.43	4.58	81.4	33.5	120.0	-	6.89	4.08	2004	7	6.0
Chad Johnson	WR	Oregon St.	6' 1"	192	25.33	4.57	88.0	33.0	108.0	-	7.51	4.14	2001	2	5.9
John Standeford	WR	Purdue	6' 3"	197	24.62	4.60	88.0	32.5	113.0	-	6.90	4.08	2004	-	5.8
Noel Thomas	WR	Connecticut	6' 0"	205	27.80	4.63	89.2	32.5	118.0	9	-	-	2017	-	5.7
Keenan Howry	WR	Oregon	5' 10"	178	25.54	4.56	82.3	31.5	114.0	-	7.34	4.28	2003	7	5.7
Chris Daniels	WR	Purdue	6' 3"	217	27.12	4.74	86.0	33.0	115.0	-	7.20	4.24	2000	-	5.6
Ace Sanders	WR	South Carolina	5' 7"	173	27.09	4.58	78.6	32.0	117.0	7	6.81	4.37	2013	4	5.5
Sage Surratt	WR	Wake Forest	6' 2.5"	209	26.47	4.69	86.4	-	-	-	-	4.25	2021	-	5.4
Billy Pittman	WR	Texas	5' 11"	189	26.36	4.70	77.5	32.5	114.0	12	7.04	4.40	2008	-	5.3
Alex Bannister	WR	East. Kentucky	6' 5"	201	23.83	4.47	100.7	30.5	110.0	-	-	-	2001	5	5.2
Artavis Scott	WR	Clemson	5' 10"	193	27.69	4.61	85.5	31.0	116.0	13	7.19	4.49	2017	-	5.1
Latef Grim	WR	Pittsburgh	5' 11"	188	26.22	4.60	84.0	-	111.0	-	7.27	4.33	2001	-	5.0
Tré Turner	WR	Virginia Tech	6' 1"	184	24.27	4.51	88.9	27.0	113.0	-	7.45	4.53	2022	-	5.0
L'Damian Washington	WR	Missouri	6' 4"	195	23.73	4.46	98.6	32.0	115.0	8	7.19	4.35	2014	-	4.9
Caullin Lacy	WR	Louisville	5' 9"	183	27.02	4.55	85.4	33.5	116.0	-	-	-	2026	TBD	4.8
Rashard Higgins	WR	Colorado St.	6' 1"	196	25.86	4.64	84.6	32.0	116.0	13	-	-	2016	5	4.7
Jamel Hamler	WR	Fresno St.	6' 1"	193	25.46	4.59	87.0	32.0	112.0	4	7.16	4.18	2011	-	4.6
Verran Tucker	WR	California	6' 2"	200	25.68	4.65	85.6	-	-	-	-	-	2010	-	4.5
Bralon Addison	WR	Oregon	5' 9"	197	29.09	4.66	83.6	34.5	116.0	13	6.95	4.14	2016	-	4.4
Kenny Lawler	WR	California	6' 2"	203	26.06	4.64	87.6	31.0	111.0	-	7.13	4.20	2016	7	4.3
Steve Savoy	WR	Utah	5' 11"	192	26.78	4.62	84.3	-	-	-	-	-	2005	-	4.3
Jesus Wilson	WR	Florida St.	5' 9"	189	27.91	4.57	86.7	-	119.0	10	-	4.57	2017	-	4.2
Mario Manningham	WR	Michigan	6' 0"	181	24.55	4.59	81.6	32.0	117.0	16	7.34	4.27	2008	3	4.1
Adrian Burnette	WR	Tulane	5' 10"	191	27.40	4.63	83.1	-	-	-	-	-	2001	-	4.0
James Newson	WR	Oregon St.	6' 1"	213	28.10	4.76	83.0	31.5	116.0	-	7.41	-	2004	-	3.9
Alton Lusk	WR	Central Oklahoma	6' 2"	182	23.36	4.61	80.6	36.5	122.0	-	7.16	4.26	2000	-	3.8
Tim Manning	WR	Jackson St.	5' 11"	179	24.96	4.59	80.7	28.5	111.0	-	7.24	4.27	2004	-	3.7
Khori Ivy	WR	West Virginia	6' 2"	195	25.03	4.64	84.1	-	-	-	-	-	2001	-	3.6
Sly Johnson	WR	Miami (OH)	5' 9"	181	26.73	4.61	80.2	35.5	115.0	-	-	-	2001	-	3.5
Keevan Lucas	WR	Tulsa	5' 9"	192	28.35	4.55	89.6	32.5	119.0	11	7.23	4.43	2017	-	3.5
Malcolm Perry	WR	Navy	5' 9"	186	27.46	4.63	81.0	36.0	122.0	10	7.12	4.31	2020	7	3.4
Slade Bolden	WR	Alabama	5' 11"	193	26.92	4.66	81.9	32.0	116.0	-	-	-	2022	-	3.3
Jarvis Landry	WR	LSU	5' 11"	205	28.59	4.65	87.7	28.5	110.0	12	-	-	2014	2	3.2
Darnell Jenkins	WR	Miami (FL)	5' 9"	187	27.61	4.52	89.6	26.5	115.0	13	7.33	4.37	2008	-	3.1
Cory Peterson	WR	Mississippi	6' 2"	195	25.03	4.75	76.6	32.5	114.0	-	-	-	2000	-	3.0
Paris Warren	WR	Utah	6' 0"	219	29.70	4.71	89.0	31.5	-	-	-	-	2005	7	2.9
Ezell Ruffin	WR	San Diego St.	6' 0"	218	29.56	4.68	90.9	27.5	110.0	17	7.35	4.58	2015	-	2.8
Josh Harper	WR	Fresno St.	6' 1"	191	25.20	4.64	82.4	32.0	108.0	13	7.15	4.36	2015	-	2.8
Josh Cooper	WR	Oklahoma St.	5' 11"	190	26.50	4.65	81.3	-	-	11	-	-	2012	-	2.7
Syndric Steptoe	WR	Arizona	5' 9"	194	28.65	4.59	87.4	33.0	-	17	-	-	2007	7	2.6
Charles Frederick	WR	Washington	5' 11"	194	27.05	4.78	74.3	33.0	108.0	-	7.39	4.25	2005	-	2.5
Chris Boyd	WR	Vanderbilt	6' 4"	206	25.07	4.73	82.3	-	-	12	-	-	2014	-	2.4
Jonathan Smith	WR	Georgia Tech	5' 10"	194	27.83	4.78	74.3	32.5	114.0	-	-	4.35	2004	7	2.3
Nate Poole	WR	Marshall	6' 1"	198	26.12	4.79	75.2	32.5	112.0	-	7.26	4.22	2001	-	2.2
Dwaune Jones	WR	Richmond	6' 0"	191	25.90	4.66	81.0	-	-	-	-	-	2000	-	2.1
Kevin Robinson	WR	Utah St.	5' 11"	202	28.17	4.69	83.5	27.5	115.0	-	7.31	4.77	2008	6	2.1
Jared Perry	WR	Missouri	6' 1"	178	23.48	4.51	86.0	33.5	121.0	11	6.75	4.39	2010	-	2.0
Kain Colter	WR	Northwestern	5' 10"	198	28.41	4.71	80.5	-	-	-	-	-	2014	-	1.9
De'Runnya Wilson	WR	Mississippi St.	6' 5"	224	26.56	4.85	81.0	28.0	113.0	-	-	-	2016	-	1.8
Sherrod Gideon	WR	Southern Miss	5' 11"	173	24.13	4.66	73.4	-	-	-	-	-	2000	6	1.7
David Ball	WR	North Texas	6' 1"	196	25.86	4.70	80.3	-	-	-	6.94	4.21	2007	-	1.6
Trevor Insley	WR	Nevada	6' 0"	192	26.04	4.70	78.7	-	-	-	-	-	2000	-	1.5
Snoop Minnis	WR	Florida St.	6' 1"	171	22.56	4.57	78.4	37.5	115.0	-	7.06	4.07	2001	3	1.4
Patrick Edwards	WR	Houston	5' 9"	172	25.40	4.57	78.9	-	-	-	-	-	2012	-	1.4
Whop Philyor	WR	Indiana	5' 9.5"	184	26.78	4.57	84.4	31.0	120.0	14	7.20	4.38	2021	-	1.3
Demetric Felton	WR	UCLA	5' 8.5"	189	28.32	4.59	85.2	31.5	114.0	10	7.31	4.50	2021	6	1.2
LaJohntay Wester	WR	Colorado	5' 9.5"	163	23.72	4.46	82.4	32.0	121.0	-	-	-	2025	6	1.1
Darius Johnson	WR	SMU	5' 9"	179	26.43	4.60	80.0	32.0	109.0	6	-	4.53	2013	-	1.0
Scotty Anderson	WR	Grambling St.	6' 2"	184	23.62	4.57	84.4	34.5	115.0	-	-	-	2001	5	0.9
Jovon Durante	WR	Florida Atlantic	5' 11"	160	22.31	4.55	74.7	31.5	120.0	-	7.00	4.31	2019	-	0.8
Reno Mahe	WR	BYU	5' 9"	198	29.24	4.68	82.5	32.0	109.0	-	7.27	4.23	2003	-	0.7
Charleston Rambo	WR	Miami	6' 1"	177	23.35	4.57	81.2	33.5	118.0	-	-	-	2022	-	0.7
Kofi Shuck	WR	Wyoming	6' 2"	180	23.11	4.66	76.3	33.0	119.0	-	7.18	4.10	2000	-	0.6
Tyler Vaughns	WR	USC	6' 2"	184	23.62	4.64	79.4	31.5	120.0	7	7.15	4.40	2021	-	0.5
Todd Pinkston	WR	Southern Miss	6' 2"	169	21.70	4.45	86.2	-	-	-	-	-	2000	2	0.4
Demarcus Ayers	WR	Houston	5' 9"	182	26.87	4.72	73.3	33.0	123.0	-	-	-	2016	7	0.3
Mike Bush	WR	Washington St.	6' 5"	198	23.48	4.70	81.2	-	115.0	-	7.42	4.28	2003	-	0.2
Bret Smith	WR	Tennessee	6' 2"	173	22.21	4.55	80.7	-	-	-	-	-	2007	-	0.1
Cam Phillips	WR	Virginia Tech	6' 0"	201	27.26	-	-	-	-	-	-	-	2018	-	DNQ
Devonta Smith	WR	Alabama	6' 0"	170	23.05	-	-	-	-	-	-	-	2021	1	DNQ
Greg Ward Jr.	WR	Houston	5' 11"	186	25.94	-	-	-	-	10	-	-	2017	-	DNQ
Ja'Corey Brooks	WR	Louisville	6' 2"	184	23.62	-	-	-	-	-	-	-	2025	-	DNQ
Emmanuel Butler	WR	Northern Arizona	6' 3"	217	27.12	-	-	36.0	115.0	11	-	4.22	2019	-	DNQ
Nathaniel Dell	WR	Houston	5' 8"	165	25.09	4.49	81.2	-	121.0	-	-	-	2023	3	DNQ
Xavier Weaver	WR	Colorado	6' 0"	169	22.92	-	-	-	-	-	-	-	2024	-	DNQ
Breshad Perriman	WR	Central Florida	6' 2"	212	27.22	-	-	-	-	-	-	-	2015	1	DNQ
Jameson Williams	WR	Alabama	6' 2"	179	22.98	-	-	-	-	-	-	-	2022	1	DNQ
Dante Pettis	WR	Washington	6' 0"	186	25.22	-	-	-	-	-	-	-	2018	2	DNQ
Corey Davis	WR	West. Michigan	6' 3"	209	26.12	-	-	-	-	-	-	-	2017	1	DNQ
CJ Daniels	WR	Miami	6' 2"	202	25.93	-	-	-	-	-	-	-	2026	TBD	DNQ
Jaylen Waddle	WR	Alabama	5' 9"	180	26.58	-	-	-	-	-	-	-	2021	1	DNQ
Romeo Doubs	WR	Nevada	6' 2"	201	25.80	-	-	-	-	-	-	-	2022	4	DNQ
Felton Davis	WR	Michigan St.	6' 3"	211	26.37	-	-	-	-	21	-	-	2019	-	DNQ
Josh Cameron	WR	Baylor	6' 1.5"	220	28.63	-	-	-	-	-	-	-	2026	TBD	DNQ
Makai Lemon	WR	USC	5' 11"	192	26.78	-	-	-	-	-	-	-	2026	TBD	DNQ
Marquise Brown	WR	Oklahoma	5' 9"	166	24.51	-	-	-	-	-	-	-	2019	1	DNQ
Deontay Burnett	WR	USC	6' 0"	186	25.22	-	-	-	-	-	-	-	2018	-	DNQ
Puka Nacua	WR	BYU	6' 2"	201	25.80	-	-	-	-	-	-	-	2023	5	DNQ
Reggie Roberson Jr.	WR	SMU	5' 11"	192	26.78	-	-	29.0	114.0	-	-	-	2022	-	DNQ
Darren Carrington II	WR	Utah	6' 2"	199	25.55	-	-	36.0	120.0	-	-	-	2018	-	DNQ
Jordyn Tyson	WR	Arizona State	6' 2"	203	26.06	-	-	-	-	26	-	-	2026	TBD	DNQ
Bru McCoy	WR	Tennessee	6' 2.5"	209	26.47	-	-	-	-	-	-	-	2025	-	DNQ
Chris Bell	WR	Louisville	6' 2"	222	28.50	-	-	-	-	-	-	-	2026	TBD	DNQ
Elijah Sarratt	WR	Indiana	6' 2.5"	210	26.60	-	-	-	-	-	-	-	2026	TBD	DNQ
Aaron Anderson	WR	LSU	5' 8"	191	29.04	-	-	30.0	113.0	-	-	-	2026	TBD	DNQ
Malik Nabers	WR	LSU	6' 0"	200	27.12	-	-	-	-	-	-	-	2024	1	DNQ
Travis Hunter	WR	Colorado	6' 0.5"	188	25.14	-	-	-	-	-	-	-	2025	1	DNQ
Emeka Egbuka	WR	Ohio St.	6' 1"	202	26.65	-	-	-	-	-	-	-	2025	1	DNQ
Justyn Ross	WR	Clemson	6' 4"	205	24.95	-	-	-	-	11	-	-	2022	-	DNQ
Ryan Davis	WR	Auburn	5' 10"	189	27.12	-	-	35.0	124.0	12	7.09	4.23	2019	-	DNQ
James Proche	WR	SMU	5' 11"	201	28.03	-	-	34.5	-	20	7.27	4.40	2020	6	DNQ
Marvin Harrison Jr.	WR	Ohio State	6' 3"	209	26.12	-	-	-	-	-	-	-	2024	1	DNQ
Jake Bobo	WR	UCLA	6' 4"	206	25.07	-	-	-	-	-	-	-	2023	-	DNQ
Collin Johnson	WR	Texas	6' 6"	222	25.65	-	-	-	-	17	-	-	2020	5	DNQ
Jalen Hurd	WR	Baylor	6' 5"	226	26.80	-	-	-	-	23	-	-	2019	3	DNQ
Daesean Hamilton	WR	Penn St.	6' 1"	203	26.78	-	-	34.5	118.0	-	6.84	4.15	2018	4	DNQ
John Metchie	WR	Alabama	5' 11"	187	26.08	-	-	-	-	-	-	-	2022	2	DNQ
Jacolby George	WR	Miami (FL)	5' 11"	172	23.99	-	-	32.5	120.0	-	6.77	-	2025	-	DNQ
Malachi Corley	WR	Western Kentucky	5' 11"	215	29.98	-	-	-	-	-	-	-	2024	3	DNQ
Tetairoa McMillan	WR	Arizona	6' 4"	219	26.65	-	-	-	-	-	-	-	2025	1	DNQ
T.J. Vasher	WR	Texas Tech	6' 5"	185	21.94	-	-	-	-	-	-	-	2021	-	DNQ
Lawrence Cager	WR	Georgia	6' 5"	220	26.09	-	-	-	-	-	-	-	2020	-	DNQ
Jack Bech	WR	TCU	6' 1.5"	214	27.85	-	-	34.5	125.0	19	6.84	4.21	2025	2	DNQ
Daniel Jackson	WR	Minnesota	5' 11"	193	26.92	-	-	-	-	-	6.78	4.07	2025	-	DNQ
Tyler Johnson	WR	Minnesota	6' 1"	206	27.18	-	-	-	-	-	-	-	2020	5	DNQ
Tyre Brady	WR	Marshall	6' 3"	211	26.37	-	-	32.0	117.0	12	-	4.25	2019	-	DNQ
J.J. Arcega-Whiteside	WR	Stanford	6' 2"	225	28.89	-	-	-	-	-	-	-	2019	2	DNQ
Tee Higgins	WR	Clemson	6' 4"	216	26.29	-	-	-	-	-	-	-	2020	2	DNQ
Drake London	WR	USC	6' 4"	219	26.65	-	-	-	-	-	-	-	2022	1	DNQ
Xavier Restrepo	WR	Miami (FL)	5' 10"	209	29.99	-	-	-	-	17	-	-	2025	-	DNQ
Van Jefferson	WR	Florida	6' 1"	200	26.38	-	-	-	-	-	-	-	2020	2	DNQ
Jordan Whittington	WR	Texas	6' 1"	205	27.04	-	-	-	-	18	-	-	2024	6	DNQ
Speedy Noil	WR	Texas A&M	5' 11"	199	27.75	-	-	43.5	133.0	18	-	-	2017	-	DNQ
Braxton Berrios	WR	Miami (FL)	5' 9"	184	27.17	-	-	-	-	11	-	-	2018	6	DNQ
Greg Dortch	WR	Wake Forest	5' 7"	173	27.09	-	-	-	-	-	-	-	2019	-	DNQ
KC Concepcion	WR	Texas A&M	6' 0"	196	26.58	-	-	-	-	-	-	-	2026	TBD	DNQ
Marquez Stevenson	WR	Houston	5' 10"	182	26.11	-	-	-	-	-	-	-	2021	6	DNQ
Demaryius Thomas	WR	Georgia Tech	6' 3"	224	28.00	-	-	-	-	-	-	-	2010	1	DNQ
Malik Knowles	WR	Kansas State	6' 2"	196	25.16	-	-	-	-	-	-	-	2023	-	DNQ
Erik Ezukanma	WR	Texas Tech	6' 2"	209	26.83	-	-	36.5	126.0	-	-	4.38	2022	4	DNQ
Josh Johnson	WR	Tulsa	5' 11"	183	25.52	-	-	-	-	14	-	-	2022	-	DNQ
Dede Westbrook	WR	Oklahoma	6' 0"	178	24.14	-	-	-	-	-	-	-	2017	4	DNQ
Ainias Smith	WR	Texas A&M	5' 9"	190	28.06	-	-	-	-	21	-	-	2024	5	DNQ
Jordan Hudson	WR	SMU	6' 1"	191	25.20	-	-	-	-	-	-	-	2026	TBD	DNQ
Keelan Doss	WR	UC Davis	6' 2"	211	27.09	-	-	-	-	8	-	-	2019	-	DNQ
Marcus Rosemy-Jacksaint	WR	Georgia	6' 1"	195	25.72	-	-	35.0	119.0	-	-	-	2024	-	DNQ
Eric McAlister	WR	TCU	6' 4"	194	23.61	-	-	-	-	-	-	-	2026	TBD	DNQ
Darreus Rogers	WR	USC	6' 1"	216	28.49	-	-	26.5	112.0	8	7.22	4.54	2017	-	DNQ
Tahj Washington	WR	USC	5' 10"	174	24.96	-	-	35.0	122.0	-	-	-	2024	-	DNQ
Denzel Boston	WR	Washington	6' 4"	212	25.80	-	-	35.0	-	-	-	4.28	2026	TBD	DNQ
CJ Johnson	WR	East Carolina	6' 1.5"	224	29.15	-	-	-	-	-	-	-	2023	-	DNQ
Noah Brown	WR	Ohio St.	6' 2"	222	28.50	-	-	-	-	19	7.07	4.33	2017	7	DNQ
Parker Washington	WR	Penn State	5' 10"	204	29.27	-	-	-	-	16	-	-	2023	6	DNQ
Austin Watkins	WR	UAB	6' 1"	207	27.31	-	-	-	-	-	-	-	2021	-	DNQ
Donaven McCulley	WR	Michigan	6' 4.5"	203	24.39	-	-	-	-	-	-	-	2026	TBD	DNQ
Anthony Johnson	WR	Buffalo	6' 2"	209	26.83	-	-	32.5	122.0	18	7.12	-	2019	-	DNQ
Anthony Miller	WR	Memphis	5' 11"	201	28.03	-	-	-	-	22	-	-	2018	2	DNQ
Ben Skowronek	WR	Notre Dame	6' 2.5"	220	27.87	-	-	-	-	13	-	-	2021	7	DNQ
Bryan Edwards	WR	South Carolina	6' 3"	212	26.50	-	-	-	-	-	-	-	2020	3	DNQ
Ted Hurst	WR	Georgia State	6' 4"	206	25.07	-	-	36.5	135.0	-	-	-	2026	TBD	DNQ
Quentin Johnston	WR	TCU	6' 3"	208	26.00	-	-	40.5	134.0	-	-	-	2023	1	DNQ
KJ Hamler	WR	Penn State	5' 9"	178	26.28	-	-	-	-	15	-	-	2020	2	DNQ
Tayvion Robinson	WR	Kentucky	5' 10.5"	191	27.02	-	-	-	-	-	-	-	2024	-	DNQ
Antoine Wesley	WR	Texas Tech	6' 4"	206	25.07	-	-	37.0	117.0	6	7.07	4.26	2019	-	DNQ
Darrell Stewart	WR	Michigan State	6' 0"	212	28.75	-	-	35.0	117.0	15	-	-	2020	-	DNQ
Lynn Bowden	WR	Kentucky	5' 11"	204	28.45	-	-	-	-	13	-	-	2020	3	DNQ
Beaux Collins	WR	Notre Dame	6' 3"	201	25.12	-	-	-	-	-	-	-	2025	-	DNQ
Jaxon Smith-Njigba	WR	Ohio State	6' 1"	196	25.86	-	-	35.0	125.0	-	6.57	3.93	2023	1	DNQ
Tavares Martin	WR	Washington St.	6' 1"	177	23.35	4.80	66.7	31.5	-	-	-	-	2018	-	0
Marcus Knight	WR	Michigan	6' 1"	180	23.75	4.72	72.5	28.5	106.0	-	7.11	4.38	2000	-	0
