player_id,player_name,position,pre_draft_alpha,post_draft_alpha,post_draft_delta,delta_reason_codes,draft_round,draft_pick,team,talent_confirmation_signal,opportunity_insulation_signal,short_term_fantasy_runway,translator_tags,remaining_risks,source_profile,source_status,team_context_found,team_context_tags,positive_team_context_tags,risk_team_context_tags,team_context_notes,team_context_source_status,team_context_team_code,combined_context_tags,combined_risk_tags,role_team_profile_found,role_baseline_found,role_opportunity_found,candidate_roles,matched_role_profiles,matched_role_baselines,role_context_tags,role_risk_tags,role_context_notes,role_context_source_status,combined_context_tags_with_role,combined_risk_tags_with_role
rb-jeremiyah-love,Jeremiyah Love,RB,80.1,89.6,9.5,talent_confirmation:top5_skill_capital|opportunity_insulation:signal_bonus,1,3,TBD,elite,elite,immediate,top5_skill_capital|rare_rb_premium_capital|elite_opportunity_insulation|immediate_workload_signal,Operator-provided pick/team facts still need canonical draft_results reconciliation.|Top-5 RB outcomes remain sensitive to offensive line and coaching continuity.,round1,operator_seeded,False,,,,team_unknown_or_tbd_no_teamstate_context,operator_seeded_unknown,TBD,top5_skill_capital|rare_rb_premium_capital|elite_opportunity_insulation|immediate_workload_signal,Operator-provided pick/team facts still need canonical draft_results reconciliation.|Top-5 RB outcomes remain sensitive to offensive line and coaching continuity.,False,False,False,,,,,,team_unknown_or_tbd_for_role_profile_lookup,operator_seeded,top5_skill_capital|rare_rb_premium_capital|elite_opportunity_insulation|immediate_workload_signal,Operator-provided pick/team facts still need canonical draft_results reconciliation.|Top-5 RB outcomes remain sensitive to offensive line and coaching continuity.
wr-kc-concepcion,KC Concepcion,WR,71.9,77.9,6.0,talent_confirmation:round1_market_confirmation|talent_confirmation:model_wr1_validation|opportunity_insulation:signal_bonus|risk:landing_spot_volatility|risk:opportunity_insulation_cap,1,24,Browns,elite,strong,strong,round1_market_confirmation|model_wr1_validation|elite_separator_signal|yac_return_value_profile|landing_spot_volatility,Landing-spot offensive volatility can disrupt early consistency.|Team-level context assumptions should be rechecked once canonical artifacts are locked.,round1,operator_seeded,True,concentrated_wr_investment|rookie_wr_priority_signal|browns_offensive_volatility|target_competition_between_rookies|qb_environment_uncertainty,concentrated_wr_investment|rookie_wr_priority_signal,browns_offensive_volatility|target_competition_between_rookies|qb_environment_uncertainty,team_context_joined:CLE,operator_seeded_unknown,CLE,round1_market_confirmation|model_wr1_validation|elite_separator_signal|yac_return_value_profile|landing_spot_volatility|concentrated_wr_investment|rookie_wr_priority_signal|browns_offensive_volatility|target_competition_between_rookies|qb_environment_uncertainty,Landing-spot offensive volatility can disrupt early consistency.|Team-level context assumptions should be rechecked once canonical artifacts are locked.|browns_offensive_volatility|target_competition_between_rookies|qb_environment_uncertainty,True,False,False,,,,,,no_heuristic_role_match:CLE,operator_seeded,round1_market_confirmation|model_wr1_validation|elite_separator_signal|yac_return_value_profile|landing_spot_volatility|concentrated_wr_investment|rookie_wr_priority_signal|browns_offensive_volatility|target_competition_between_rookies|qb_environment_uncertainty,Landing-spot offensive volatility can disrupt early consistency.|Team-level context assumptions should be rechecked once canonical artifacts are locked.|browns_offensive_volatility|target_competition_between_rookies|qb_environment_uncertainty
wr-makai-lemon,Makai Lemon,WR,68.9,76.4,7.5,talent_confirmation:round1_wr_capital|talent_confirmation:trade_up_conviction|opportunity_insulation:signal_bonus,1,20,Eagles,strong,strong,delayed,round1_wr_capital|trade_up_conviction|depth_chart_volume_cap|high_efficiency_environment|delayed_volume_path,Short-term target share ceiling behind A.J. Brown and DeVonta Smith.|Year 1 volume may lag even in a high-efficiency offense.,round1,operator_seeded,True,high_efficiency_environment|depth_chart_volume_cap|target_concentration_ahead,high_efficiency_environment,depth_chart_volume_cap|target_concentration_ahead,team_context_joined:PHI,operator_seeded_unknown,PHI,round1_wr_capital|trade_up_conviction|depth_chart_volume_cap|high_efficiency_environment|delayed_volume_path|target_concentration_ahead,Short-term target share ceiling behind A.J. Brown and DeVonta Smith.|Year 1 volume may lag even in a high-efficiency offense.|depth_chart_volume_cap|target_concentration_ahead,True,False,False,,,,,,no_heuristic_role_match:PHI,operator_seeded,round1_wr_capital|trade_up_conviction|depth_chart_volume_cap|high_efficiency_environment|delayed_volume_path|target_concentration_ahead,Short-term target share ceiling behind A.J. Brown and DeVonta Smith.|Year 1 volume may lag even in a high-efficiency offense.|depth_chart_volume_cap|target_concentration_ahead
wr-carnell-tate,Carnell Tate,WR,66.4,74.4,8.0,talent_confirmation:top5_skill_capital|talent_confirmation:class_inflation_adjustment|opportunity_insulation:signal_bonus,1,4,Titans,strong,elite,strong,top5_skill_capital|premium_wr_investment|elite_opportunity_insulation|class_inflation_adjustment_candidate|market_conviction_not_equal_talent_certainty|wr1_depth_chart_path,Class-level draft capital inflation could overstate pure talent certainty relative to historical baselines.|Environment assumptions should remain provisional until canonical draft/team artifacts are finalized.,round1,operator_seeded,True,wr1_depth_chart_path|backfield_opportunity_watch|young_qb_development_dependency|offense_environment_uncertainty,wr1_depth_chart_path|backfield_opportunity_watch,young_qb_development_dependency|offense_environment_uncertainty,team_context_joined:TEN,operator_seeded_unknown,TEN,top5_skill_capital|premium_wr_investment|elite_opportunity_insulation|class_inflation_adjustment_candidate|market_conviction_not_equal_talent_certainty|wr1_depth_chart_path|backfield_opportunity_watch|young_qb_development_dependency|offense_environment_uncertainty,Class-level draft capital inflation could overstate pure talent certainty relative to historical baselines.|Environment assumptions should remain provisional until canonical draft/team artifacts are finalized.|young_qb_development_dependency|offense_environment_uncertainty,True,True,True,WR1,"[{""role"":""WR1"",""role_family"":""wide_receiver"",""role_description"":""Primary perimeter WR role with lead target access."",""expected_volume_range"":{""targets_low"":null,""targets_high"":null,""touches_low"":null,""touches_high"":null,""routes_low"":null,""routes_high"":null},""expected_red_zone_usage"":""unknown"",""expected_ppr_ppg_range"":{""low"":null,""high"":null},""role_stability"":""medium"",""positive_role_tags"":[""alpha_target_share_path"",""high_value_route_tree"",""wr1_depth_chart_path""],""risk_role_tags"":[""coverage_attention_risk"",""qb_efficiency_dependency""],""notes"":""Operator-seeded inspect-only v0 role profile."",""context_tags"":[],""risk_tags"":[],""source_status"":""operator_seeded""}]","[{""role"":""WR1"",""role_family"":""wide_receiver"",""role_description"":""Primary perimeter WR role with top target share and first-read usage."",""expected_touch_range"":{""low"":0,""high"":2},""expected_target_range"":{""low"":7,""high"":12},""expected_route_participation_range"":{""low"":75,""high"":95},""expected_red_zone_usage"":""high"",""expected_ppr_ppg_range"":{""low"":14,""high"":23},""volatility"":""medium"",""positive_role_tags"":[""alpha_target_share"",""high_weekly_ceiling""],""risk_role_tags"":[""coverage_attention"",""qb_dependency""],""notes"":""Operator-seeded v0 range; calibrate with historical role outcomes later."",""context_tags"":[],""risk_tags"":[],""source_status"":""operator_seeded""}]",,,role_opportunity_joined:TEN:WR1,operator_seeded,top5_skill_capital|premium_wr_investment|elite_opportunity_insulation|class_inflation_adjustment_candidate|market_conviction_not_equal_talent_certainty|wr1_depth_chart_path|backfield_opportunity_watch|young_qb_development_dependency|offense_environment_uncertainty,Class-level draft capital inflation could overstate pure talent certainty relative to historical baselines.|Environment assumptions should remain provisional until canonical draft/team artifacts are finalized.|young_qb_development_dependency|offense_environment_uncertainty
wr-jordyn-tyson,Jordyn Tyson,WR,67.7,74.4,6.7,talent_confirmation:top10_skill_capital|opportunity_insulation:signal_bonus,1,8,TBD,strong,strong,strong,top10_skill_capital|premium_wr_investment|strong_role_insulation,Unknown finalized team context may alter immediate target competition.|Operator-provided draft facts still need canonical reconciliation.,round1,operator_seeded,False,,,,team_unknown_or_tbd_no_teamstate_context,operator_seeded_unknown,TBD,top10_skill_capital|premium_wr_investment|strong_role_insulation,Unknown finalized team context may alter immediate target competition.|Operator-provided draft facts still need canonical reconciliation.,False,False,False,,,,,,team_unknown_or_tbd_for_role_profile_lookup,operator_seeded,top10_skill_capital|premium_wr_investment|strong_role_insulation,Unknown finalized team context may alter immediate target competition.|Operator-provided draft facts still need canonical reconciliation.
wr-denzel-boston,Denzel Boston,WR,67.6,74.2,6.6,talent_confirmation:early_day2_capital|talent_confirmation:round2_skill_capital|opportunity_insulation:signal_bonus|risk:target_room_competition_watch|risk:year1_volume_uncertainty,2,39,Browns,moderate,moderate,strong,day2_capital|round2_capital|early_day2_capital|round2_skill_capital|round2_wr_capital|target_room_competition_watch|year1_volume_uncertainty|landing_spot_role_review|role_path_review|opportunity_insulation_moderate|browns_double_wr_investment|kcc_target_competition_signal,Browns target competition and deployment context can materially shift early fantasy runway.|Role sequencing may vary if multiple pass-catcher investments compress Year 1 volume.,day2,operator_seeded,True,concentrated_wr_investment|rookie_wr_priority_signal|browns_offensive_volatility|target_competition_between_rookies|qb_environment_uncertainty,concentrated_wr_investment|rookie_wr_priority_signal,browns_offensive_volatility|target_competition_between_rookies|qb_environment_uncertainty,team_context_joined:CLE,operator_seeded_unknown,CLE,day2_capital|round2_capital|early_day2_capital|round2_skill_capital|round2_wr_capital|target_room_competition_watch|year1_volume_uncertainty|landing_spot_role_review|role_path_review|opportunity_insulation_moderate|browns_double_wr_investment|kcc_target_competition_signal|concentrated_wr_investment|rookie_wr_priority_signal|browns_offensive_volatility|target_competition_between_rookies|qb_environment_uncertainty,Browns target competition and deployment context can materially shift early fantasy runway.|Role sequencing may vary if multiple pass-catcher investments compress Year 1 volume.|browns_offensive_volatility|target_competition_between_rookies|qb_environment_uncertainty,True,True,True,WR2|WR3,"[{""role"":""WR2"",""role_family"":""wide_receiver"",""role_description"":""Secondary starting WR role in projected pass environment."",""expected_volume_range"":{""targets_low"":null,""targets_high"":null,""touches_low"":null,""touches_high"":null,""routes_low"":null,""routes_high"":null},""expected_red_zone_usage"":""unknown"",""expected_ppr_ppg_range"":{""low"":null,""high"":null},""role_stability"":""medium"",""positive_role_tags"":[""starter_route_participation"",""intermediate_target_path""],""risk_role_tags"":[""target_competition_risk"",""week_to_week_usage_variance""],""notes"":""Operator-seeded inspect-only v0 role profile."",""context_tags"":[],""risk_tags"":[],""source_status"":""operator_seeded""}]","[{""role"":""WR2"",""role_family"":""wide_receiver"",""role_description"":""Secondary starting WR role in projected pass environment."",""expected_touch_range"":{""low"":0,""high"":2},""expected_target_range"":{""low"":5,""high"":9},""expected_route_participation_range"":{""low"":70,""high"":92},""expected_red_zone_usage"":""medium"",""expected_ppr_ppg_range"":{""low"":9,""high"":16},""volatility"":""medium_high"",""positive_role_tags"":[""starter_route_share"",""spike_week_potential""],""risk_role_tags"":[""target_competition"",""game_plan_variance""],""notes"":""Operator-seeded v0 range; calibrate with historical role outcomes later."",""context_tags"":[],""risk_tags"":[],""source_status"":""operator_seeded""},{""role"":""WR3"",""role_family"":""wide_receiver"",""role_description"":""Tertiary WR role with situational starter value in 11 personnel."",""expected_touch_range"":{""low"":0,""high"":1},""expected_target_range"":{""low"":3,""high"":7},""expected_route_participation_range"":{""low"":55,""high"":85},""expected_red_zone_usage"":""low"",""expected_ppr_ppg_range"":{""low"":6,""high"":12},""volatility"":""high"",""positive_role_tags"":[""three_wr_set_access"",""injury_bump_path""],""risk_role_tags"":[""weekly_floor_instability"",""package_dependency""],""notes"":""Operator-seeded v0 range; calibrate with historical role outcomes later."",""context_tags"":[],""risk_tags"":[],""source_status"":""operator_seeded""}]",,,role_opportunity_joined:CLE:WR2|WR3,operator_seeded,day2_capital|round2_capital|early_day2_capital|round2_skill_capital|round2_wr_capital|target_room_competition_watch|year1_volume_uncertainty|landing_spot_role_review|role_path_review|opportunity_insulation_moderate|browns_double_wr_investment|kcc_target_competition_signal|concentrated_wr_investment|rookie_wr_priority_signal|browns_offensive_volatility|target_competition_between_rookies|qb_environment_uncertainty,Browns target competition and deployment context can materially shift early fantasy runway.|Role sequencing may vary if multiple pass-catcher investments compress Year 1 volume.|browns_offensive_volatility|target_competition_between_rookies|qb_environment_uncertainty
te-kenyon-sadiq,Kenyon Sadiq,TE,65.3,71.0,5.7,talent_confirmation:round1_te_capital|opportunity_insulation:signal_bonus,1,16,TBD,strong,strong,delayed,round1_te_capital|premium_te_insulation|role_translation_watch,TE usage translation can lag despite high draft investment.|Year 1 route share and red-zone role remain uncertain without canonical team deployment data.,round1,operator_seeded,False,,,,team_unknown_or_tbd_no_teamstate_context,operator_seeded_unknown,TBD,round1_te_capital|premium_te_insulation|role_translation_watch,TE usage translation can lag despite high draft investment.|Year 1 route share and red-zone role remain uncertain without canonical team deployment data.,False,True,False,TE1,,"[{""role"":""TE1"",""role_family"":""tight_end"",""role_description"":""Primary all-situations TE role with stable routes and red-zone access."",""expected_touch_range"":{""low"":0,""high"":1},""expected_target_range"":{""low"":4,""high"":8},""expected_route_participation_range"":{""low"":60,""high"":85},""expected_red_zone_usage"":""medium_high"",""expected_ppr_ppg_range"":{""low"":8,""high"":15},""volatility"":""medium"",""positive_role_tags"":[""positional_advantage_path"",""end_zone_usage""],""risk_role_tags"":[""blocking_assignment_shifts"",""target_competition""],""notes"":""Operator-seeded v0 range; calibrate with historical role outcomes later."",""context_tags"":[],""risk_tags"":[],""source_status"":""operator_seeded""}]",,,team_unknown_or_tbd_for_role_profile_lookup,operator_seeded,round1_te_capital|premium_te_insulation|role_translation_watch,TE usage translation can lag despite high draft investment.|Year 1 route share and red-zone role remain uncertain without canonical team deployment data.
qb-drew-allar,Drew Allar,QB,66.8,68.8,2.0,talent_confirmation:round3_skill_capital|talent_confirmation:round3_qb_capital|opportunity_insulation:signal_bonus|risk:developmental_qb_capital|risk:opportunity_insulation_cap,3,76,Steelers,mixed,limited,delayed,day2_capital|round3_capital|round3_skill_capital|round3_qb_capital|developmental_qb_capital|delayed_start_path|qb_room_context_required|steelers_qb_room_watch|role_path_review|opportunity_insulation_limited,Delayed start trajectory may suppress early fantasy utility.|Steelers QB-room structure could constrain immediate role access.,day2,operator_seeded,True,organizational_development_path|qb_room_uncertainty|steelers_wr_room_watch|delayed_start_path,organizational_development_path,qb_room_uncertainty|steelers_wr_room_watch|delayed_start_path,team_context_joined:PIT,operator_seeded_unknown,PIT,day2_capital|round3_capital|round3_skill_capital|round3_qb_capital|developmental_qb_capital|delayed_start_path|qb_room_context_required|steelers_qb_room_watch|role_path_review|opportunity_insulation_limited|organizational_development_path|qb_room_uncertainty|steelers_wr_room_watch,Delayed start trajectory may suppress early fantasy utility.|Steelers QB-room structure could constrain immediate role access.|qb_room_uncertainty|steelers_wr_room_watch|delayed_start_path,True,False,False,,,,,,no_heuristic_role_match:PIT,operator_seeded,day2_capital|round3_capital|round3_skill_capital|round3_qb_capital|developmental_qb_capital|delayed_start_path|qb_room_context_required|steelers_qb_room_watch|role_path_review|opportunity_insulation_limited|organizational_development_path|qb_room_uncertainty|steelers_wr_room_watch,Delayed start trajectory may suppress early fantasy utility.|Steelers QB-room structure could constrain immediate role access.|qb_room_uncertainty|steelers_wr_room_watch|delayed_start_path
wr-omar-cooper-jr,Omar Cooper Jr.,WR,61.3,68.4,7.1,talent_confirmation:late_round1_wr_capital|talent_confirmation:fifth_year_option_signal|talent_confirmation:trade_up_conviction|opportunity_insulation:signal_bonus,1,30,Jets,strong,strong,strong,late_round1_wr_capital|fifth_year_option_signal|trade_up_conviction|role_path_review,Role pathway still requires depth-chart and deployment confirmation.|Late Round 1 hits have wider outcome bands than top-half selections.,round1,operator_seeded,True,early_round_skill_investment|volume_rebound_path|offensive_stability_watch|target_competition_cluster,early_round_skill_investment|volume_rebound_path,offensive_stability_watch|target_competition_cluster,team_context_joined:NYJ,operator_seeded_unknown,NYJ,late_round1_wr_capital|fifth_year_option_signal|trade_up_conviction|role_path_review|early_round_skill_investment|volume_rebound_path|offensive_stability_watch|target_competition_cluster,Role pathway still requires depth-chart and deployment confirmation.|Late Round 1 hits have wider outcome bands than top-half selections.|offensive_stability_watch|target_competition_cluster,False,False,False,,,,,,team_role_profile_not_found:NYJ,operator_seeded,late_round1_wr_capital|fifth_year_option_signal|trade_up_conviction|role_path_review|early_round_skill_investment|volume_rebound_path|offensive_stability_watch|target_competition_cluster,Role pathway still requires depth-chart and deployment confirmation.|Late Round 1 hits have wider outcome bands than top-half selections.|offensive_stability_watch|target_competition_cluster
te-eli-stowers,Eli Stowers,TE,64.7,67.7,3.0,talent_confirmation:round2_skill_capital|talent_confirmation:day2_te_cluster|opportunity_insulation:signal_bonus|risk:delayed_te_translation_watch|risk:opportunity_insulation_cap,2,54,Eagles,moderate,moderate,delayed,day2_capital|round2_capital|round2_skill_capital|round2_te_capital|day2_te_cluster|te_market_push|delayed_te_translation_watch|role_translation_watch|role_path_review|opportunity_insulation_moderate,Tight end transition often produces slower Year 1 fantasy translation.|Role definition inside the Eagles pass game can suppress immediate target share.,day2,operator_seeded,True,high_efficiency_environment|depth_chart_volume_cap|target_concentration_ahead,high_efficiency_environment,depth_chart_volume_cap|target_concentration_ahead,team_context_joined:PHI,operator_seeded_unknown,PHI,day2_capital|round2_capital|round2_skill_capital|round2_te_capital|day2_te_cluster|te_market_push|delayed_te_translation_watch|role_translation_watch|role_path_review|opportunity_insulation_moderate|high_efficiency_environment|depth_chart_volume_cap|target_concentration_ahead,Tight end transition often produces slower Year 1 fantasy translation.|Role definition inside the Eagles pass game can suppress immediate target share.|depth_chart_volume_cap|target_concentration_ahead,True,False,False,,,,,,no_heuristic_role_match:PHI,operator_seeded,day2_capital|round2_capital|round2_skill_capital|round2_te_capital|day2_te_cluster|te_market_push|delayed_te_translation_watch|role_translation_watch|role_path_review|opportunity_insulation_moderate|high_efficiency_environment|depth_chart_volume_cap|target_concentration_ahead,Tight end transition often produces slower Year 1 fantasy translation.|Role definition inside the Eagles pass game can suppress immediate target share.|depth_chart_volume_cap|target_concentration_ahead
wr-zachariah-branch,Zachariah Branch,WR,65.0,64.2,-0.8,talent_confirmation:round3_skill_capital|opportunity_insulation:signal_bonus|risk:target_room_competition_watch|risk:year1_volume_uncertainty,3,79,Falcons,strong,limited,strong,day2_capital|round3_capital|round3_skill_capital|round3_wr_capital|target_room_competition_watch|year1_volume_uncertainty|landing_spot_role_review|role_path_review|opportunity_insulation_limited,"Usage may be specialized early, creating volatile week-to-week fantasy reliability.|Round 3 insulation can erode quickly if role translation stalls.",day2,operator_seeded,True,play_action_efficiency_environment|red_zone_opportunity_watch|volume_balance_risk|target_concentration_ahead,play_action_efficiency_environment|red_zone_opportunity_watch,volume_balance_risk|target_concentration_ahead,team_context_joined:ATL,operator_seeded_unknown,ATL,day2_capital|round3_capital|round3_skill_capital|round3_wr_capital|target_room_competition_watch|year1_volume_uncertainty|landing_spot_role_review|role_path_review|opportunity_insulation_limited|play_action_efficiency_environment|red_zone_opportunity_watch|volume_balance_risk|target_concentration_ahead,"Usage may be specialized early, creating volatile week-to-week fantasy reliability.|Round 3 insulation can erode quickly if role translation stalls.|volume_balance_risk|target_concentration_ahead",False,True,False,WR2|WR3|rotational_wr,,"[{""role"":""WR2"",""role_family"":""wide_receiver"",""role_description"":""Secondary starting WR role in projected pass environment."",""expected_touch_range"":{""low"":0,""high"":2},""expected_target_range"":{""low"":5,""high"":9},""expected_route_participation_range"":{""low"":70,""high"":92},""expected_red_zone_usage"":""medium"",""expected_ppr_ppg_range"":{""low"":9,""high"":16},""volatility"":""medium_high"",""positive_role_tags"":[""starter_route_share"",""spike_week_potential""],""risk_role_tags"":[""target_competition"",""game_plan_variance""],""notes"":""Operator-seeded v0 range; calibrate with historical role outcomes later."",""context_tags"":[],""risk_tags"":[],""source_status"":""operator_seeded""},{""role"":""WR3"",""role_family"":""wide_receiver"",""role_description"":""Tertiary WR role with situational starter value in 11 personnel."",""expected_touch_range"":{""low"":0,""high"":1},""expected_target_range"":{""low"":3,""high"":7},""expected_route_participation_range"":{""low"":55,""high"":85},""expected_red_zone_usage"":""low"",""expected_ppr_ppg_range"":{""low"":6,""high"":12},""volatility"":""high"",""positive_role_tags"":[""three_wr_set_access"",""injury_bump_path""],""risk_role_tags"":[""weekly_floor_instability"",""package_dependency""],""notes"":""Operator-seeded v0 range; calibrate with historical role outcomes later."",""context_tags"":[],""risk_tags"":[],""source_status"":""operator_seeded""},{""role"":""rotational_wr"",""role_family"":""wide_receiver"",""role_description"":""Rotational WR role with package-based routes and inconsistent volume."",""expected_touch_range"":{""low"":0,""high"":1},""expected_target_range"":{""low"":1,""high"":5},""expected_route_participation_range"":{""low"":25,""high"":60},""expected_red_zone_usage"":""low"",""expected_ppr_ppg_range"":{""low"":2,""high"":9},""volatility"":""high"",""positive_role_tags"":[""specialized_usage"",""injury_upside_path""],""risk_role_tags"":[""low_weekly_floor"",""snap_share_instability""],""notes"":""Operator-seeded v0 range; calibrate with historical role outcomes later."",""context_tags"":[],""risk_tags"":[],""source_status"":""operator_seeded""}]",,,team_role_profile_not_found:ATL,operator_seeded,day2_capital|round3_capital|round3_skill_capital|round3_wr_capital|target_room_competition_watch|year1_volume_uncertainty|landing_spot_role_review|role_path_review|opportunity_insulation_limited|play_action_efficiency_environment|red_zone_opportunity_watch|volume_balance_risk|target_concentration_ahead,"Usage may be specialized early, creating volatile week-to-week fantasy reliability.|Round 3 insulation can erode quickly if role translation stalls.|volume_balance_risk|target_concentration_ahead"
te-sam-roush,Sam Roush,TE,58.9,60.0,1.1,talent_confirmation:round3_skill_capital|opportunity_insulation:signal_bonus|risk:delayed_te_translation_watch,3,69,Bears,mixed,limited,delayed,day2_capital|round3_capital|round3_skill_capital|round3_te_capital|delayed_te_translation_watch|role_translation_watch|role_path_review|opportunity_insulation_limited,Early deployment may be rotational with modest target depth.|TE translation variance can delay reliable fantasy returns.,day2,operator_seeded,True,young_qb_growth_environment|target_hierarchy_uncertainty|role_competition_risk,young_qb_growth_environment,target_hierarchy_uncertainty|role_competition_risk,team_context_joined:CHI,operator_seeded_unknown,CHI,day2_capital|round3_capital|round3_skill_capital|round3_te_capital|delayed_te_translation_watch|role_translation_watch|role_path_review|opportunity_insulation_limited|young_qb_growth_environment|target_hierarchy_uncertainty|role_competition_risk,Early deployment may be rotational with modest target depth.|TE translation variance can delay reliable fantasy returns.|target_hierarchy_uncertainty|role_competition_risk,True,False,False,,,,,,no_heuristic_role_match:CHI,operator_seeded,day2_capital|round3_capital|round3_skill_capital|round3_te_capital|delayed_te_translation_watch|role_translation_watch|role_path_review|opportunity_insulation_limited|young_qb_growth_environment|target_hierarchy_uncertainty|role_competition_risk,Early deployment may be rotational with modest target depth.|TE translation variance can delay reliable fantasy returns.|target_hierarchy_uncertainty|role_competition_risk
wr-germie-bernard,Germie Bernard,WR,55.5,57.1,1.6,talent_confirmation:round2_skill_capital|opportunity_insulation:signal_bonus|risk:target_room_competition_watch|risk:year1_volume_uncertainty,2,47,Steelers,moderate,moderate,strong,day2_capital|round2_capital|round2_skill_capital|round2_wr_capital|target_room_competition_watch|year1_volume_uncertainty|landing_spot_role_review|role_path_review|opportunity_insulation_moderate|steelers_wr_room_watch,Steelers WR depth and role assignment can delay stable weekly volume.|Day 2 capital confirms opportunity but does not eliminate Year 1 usage volatility.,day2,operator_seeded,True,organizational_development_path|qb_room_uncertainty|steelers_wr_room_watch|delayed_start_path,organizational_development_path,qb_room_uncertainty|steelers_wr_room_watch|delayed_start_path,team_context_joined:PIT,operator_seeded_unknown,PIT,day2_capital|round2_capital|round2_skill_capital|round2_wr_capital|target_room_competition_watch|year1_volume_uncertainty|landing_spot_role_review|role_path_review|opportunity_insulation_moderate|steelers_wr_room_watch|organizational_development_path|qb_room_uncertainty|delayed_start_path,Steelers WR depth and role assignment can delay stable weekly volume.|Day 2 capital confirms opportunity but does not eliminate Year 1 usage volatility.|qb_room_uncertainty|steelers_wr_room_watch|delayed_start_path,True,True,True,WR2|WR3,"[{""role"":""WR2"",""role_family"":""wide_receiver"",""role_description"":""Secondary starting WR role in projected pass environment."",""expected_volume_range"":{""targets_low"":null,""targets_high"":null,""touches_low"":null,""touches_high"":null,""routes_low"":null,""routes_high"":null},""expected_red_zone_usage"":""unknown"",""expected_ppr_ppg_range"":{""low"":null,""high"":null},""role_stability"":""medium"",""positive_role_tags"":[""starter_route_participation"",""intermediate_target_path""],""risk_role_tags"":[""target_competition_risk"",""week_to_week_usage_variance""],""notes"":""Operator-seeded inspect-only v0 role profile."",""context_tags"":[],""risk_tags"":[],""source_status"":""operator_seeded""}]","[{""role"":""WR2"",""role_family"":""wide_receiver"",""role_description"":""Secondary starting WR role in projected pass environment."",""expected_touch_range"":{""low"":0,""high"":2},""expected_target_range"":{""low"":5,""high"":9},""expected_route_participation_range"":{""low"":70,""high"":92},""expected_red_zone_usage"":""medium"",""expected_ppr_ppg_range"":{""low"":9,""high"":16},""volatility"":""medium_high"",""positive_role_tags"":[""starter_route_share"",""spike_week_potential""],""risk_role_tags"":[""target_competition"",""game_plan_variance""],""notes"":""Operator-seeded v0 range; calibrate with historical role outcomes later."",""context_tags"":[],""risk_tags"":[],""source_status"":""operator_seeded""},{""role"":""WR3"",""role_family"":""wide_receiver"",""role_description"":""Tertiary WR role with situational starter value in 11 personnel."",""expected_touch_range"":{""low"":0,""high"":1},""expected_target_range"":{""low"":3,""high"":7},""expected_route_participation_range"":{""low"":55,""high"":85},""expected_red_zone_usage"":""low"",""expected_ppr_ppg_range"":{""low"":6,""high"":12},""volatility"":""high"",""positive_role_tags"":[""three_wr_set_access"",""injury_bump_path""],""risk_role_tags"":[""weekly_floor_instability"",""package_dependency""],""notes"":""Operator-seeded v0 range; calibrate with historical role outcomes later."",""context_tags"":[],""risk_tags"":[],""source_status"":""operator_seeded""}]",,,role_opportunity_joined:PIT:WR2|WR3,operator_seeded,day2_capital|round2_capital|round2_skill_capital|round2_wr_capital|target_room_competition_watch|year1_volume_uncertainty|landing_spot_role_review|role_path_review|opportunity_insulation_moderate|steelers_wr_room_watch|organizational_development_path|qb_room_uncertainty|delayed_start_path,Steelers WR depth and role assignment can delay stable weekly volume.|Day 2 capital confirms opportunity but does not eliminate Year 1 usage volatility.|qb_room_uncertainty|steelers_wr_room_watch|delayed_start_path
qb-ty-simpson,Ty Simpson,QB,50.9,56.9,6.0,talent_confirmation:round1_qb_capital|opportunity_insulation:elite_developmental_environment|opportunity_insulation:delayed_start_insulation|opportunity_insulation:signal_bonus|risk:delayed_start_timeline|risk:opportunity_insulation_cap,1,13,Rams,strong,strong,delayed,round1_qb_capital|elite_developmental_environment|delayed_start_insulation,Delayed initial starting path may suppress early fantasy utility.|Developmental outcomes remain sensitive to eventual deployment timing.,round1,operator_seeded,True,mcvay_developmental_environment|efficient_passing_environment|heavy_personnel_role_watch|veteran_depth_chart_block|delayed_start_path|role_specific_usage_dependency,mcvay_developmental_environment|efficient_passing_environment|heavy_personnel_role_watch,veteran_depth_chart_block|delayed_start_path|role_specific_usage_dependency,team_context_joined:LAR,operator_seeded_unknown,LAR,round1_qb_capital|elite_developmental_environment|delayed_start_insulation|mcvay_developmental_environment|efficient_passing_environment|heavy_personnel_role_watch|veteran_depth_chart_block|delayed_start_path|role_specific_usage_dependency,Delayed initial starting path may suppress early fantasy utility.|Developmental outcomes remain sensitive to eventual deployment timing.|veteran_depth_chart_block|delayed_start_path|role_specific_usage_dependency,True,True,True,QB_developmental,"[{""role"":""QB_developmental"",""role_family"":""quarterback"",""role_description"":""Developmental QB role with uncertain near-term starts."",""expected_volume_range"":{""targets_low"":null,""targets_high"":null,""touches_low"":null,""touches_high"":null,""routes_low"":null,""routes_high"":null},""expected_red_zone_usage"":""unknown"",""expected_ppr_ppg_range"":{""low"":null,""high"":null},""role_stability"":""medium"",""positive_role_tags"":[""development_runway_upside"",""organizational_investment_signal""],""risk_role_tags"":[""uncertain_start_timing"",""early_season_volume_risk""],""notes"":""Operator-seeded inspect-only v0 role profile."",""context_tags"":[],""risk_tags"":[],""source_status"":""operator_seeded""}]","[{""role"":""QB_developmental"",""role_family"":""quarterback"",""role_description"":""Developmental QB path that may start later and mix with package usage."",""expected_touch_range"":{""low"":null,""high"":null},""expected_target_range"":{""low"":null,""high"":null},""expected_route_participation_range"":{""low"":null,""high"":null},""expected_red_zone_usage"":""low"",""expected_ppr_ppg_range"":{""low"":6,""high"":17},""volatility"":""high"",""positive_role_tags"":[""organizational_investment"",""late_season_upside""],""risk_role_tags"":[""uncertain_start_timing"",""limited_early_volume""],""notes"":""Operator-seeded v0 range; calibrate with historical role outcomes later."",""context_tags"":[],""risk_tags"":[],""source_status"":""operator_seeded""}]",,,role_opportunity_joined:LAR:QB_developmental,operator_seeded,round1_qb_capital|elite_developmental_environment|delayed_start_insulation|mcvay_developmental_environment|efficient_passing_environment|heavy_personnel_role_watch|veteran_depth_chart_block|delayed_start_path|role_specific_usage_dependency,Delayed initial starting path may suppress early fantasy utility.|Developmental outcomes remain sensitive to eventual deployment timing.|veteran_depth_chart_block|delayed_start_path|role_specific_usage_dependency
rb-jadarian-price,Jadarian Price,RB,48.5,56.2,7.7,talent_confirmation:round1_rb_capital|opportunity_insulation:signal_bonus,1,32,Seahawks,strong,strong,strong,round1_rb_capital|low_tread_efficiency_profile|shared_backfield_context_override|workload_projection_risk|opportunity_insulation_strong,"Never exceeded 125 college touches in a season, increasing workload projection uncertainty.|Shared backfield dynamics could reduce immediate volume capture.",round1,operator_seeded,True,round1_rb_commitment|shared_backfield_context|workload_projection_risk,round1_rb_commitment,shared_backfield_context|workload_projection_risk,team_context_joined:SEA,operator_seeded_unknown,SEA,round1_rb_capital|low_tread_efficiency_profile|shared_backfield_context_override|workload_projection_risk|opportunity_insulation_strong|round1_rb_commitment|shared_backfield_context,"Never exceeded 125 college touches in a season, increasing workload projection uncertainty.|Shared backfield dynamics could reduce immediate volume capture.|shared_backfield_context|workload_projection_risk",True,True,True,RB1|RB2_change_of_pace,"[{""role"":""RB1"",""role_family"":""running_back"",""role_description"":""Primary early-down and high-value touch RB role."",""expected_volume_range"":{""targets_low"":null,""targets_high"":null,""touches_low"":null,""touches_high"":null,""routes_low"":null,""routes_high"":null},""expected_red_zone_usage"":""unknown"",""expected_ppr_ppg_range"":{""low"":null,""high"":null},""role_stability"":""medium"",""positive_role_tags"":[""lead_back_touch_floor"",""red_zone_carry_path""],""risk_role_tags"":[""game_script_sensitivity"",""efficiency_dependency""],""notes"":""Operator-seeded inspect-only v0 role profile."",""context_tags"":[],""risk_tags"":[],""source_status"":""operator_seeded""},{""role"":""RB2_change_of_pace"",""role_family"":""running_back"",""role_description"":""Change-of-pace RB role with efficiency-driven production swings."",""expected_volume_range"":{""targets_low"":null,""targets_high"":null,""touches_low"":null,""touches_high"":null,""routes_low"":null,""routes_high"":null},""expected_red_zone_usage"":""unknown"",""expected_ppr_ppg_range"":{""low"":null,""high"":null},""role_stability"":""medium"",""positive_role_tags"":[""change_of_pace_explosive_path"",""contingent_volume_upside""],""risk_role_tags"":[""touch_count_volatility"",""weekly_floor_instability""],""notes"":""Operator-seeded inspect-only v0 role profile."",""context_tags"":[],""risk_tags"":[],""source_status"":""operator_seeded""}]","[{""role"":""RB1"",""role_family"":""running_back"",""role_description"":""Primary early-down and high-value touch RB role."",""expected_touch_range"":{""low"":14,""high"":22},""expected_target_range"":{""low"":1,""high"":5},""expected_route_participation_range"":{""low"":25,""high"":55},""expected_red_zone_usage"":""medium_high"",""expected_ppr_ppg_range"":{""low"":10,""high"":18},""volatility"":""medium"",""positive_role_tags"":[""high_touch_ceiling"",""red_zone_access""],""risk_role_tags"":[""game_script_sensitivity"",""offensive_line_dependency""],""notes"":""Operator-seeded v0 range; calibrate with historical role outcomes later."",""context_tags"":[],""risk_tags"":[],""source_status"":""operator_seeded""},{""role"":""RB2_change_of_pace"",""role_family"":""running_back"",""role_description"":""Secondary change-of-pace RB role with explosive but inconsistent touch volume."",""expected_touch_range"":{""low"":6,""high"":12},""expected_target_range"":{""low"":1,""high"":4},""expected_route_participation_range"":{""low"":20,""high"":45},""expected_red_zone_usage"":""low"",""expected_ppr_ppg_range"":{""low"":5,""high"":11},""volatility"":""medium_high"",""positive_role_tags"":[""efficiency_spike_potential"",""contingent_upside""],""risk_role_tags"":[""workload_fragility"",""td_dependency""],""notes"":""Operator-seeded v0 range; calibrate with historical role outcomes later."",""context_tags"":[],""risk_tags"":[],""source_status"":""operator_seeded""}]",,,role_opportunity_joined:SEA:RB1|RB2_change_of_pace,operator_seeded,round1_rb_capital|low_tread_efficiency_profile|shared_backfield_context_override|workload_projection_risk|opportunity_insulation_strong|round1_rb_commitment|shared_backfield_context,"Never exceeded 125 college touches in a season, increasing workload projection uncertainty.|Shared backfield dynamics could reduce immediate volume capture.|shared_backfield_context|workload_projection_risk"
wr-chris-bell,Chris Bell,WR,56.9,55.6,-1.3,talent_confirmation:round3_skill_capital|opportunity_insulation:signal_bonus|risk:target_room_competition_watch|risk:year1_volume_uncertainty,3,94,Dolphins,moderate,limited,strong,day2_capital|round3_capital|round3_skill_capital|round3_wr_capital|target_room_competition_watch|year1_volume_uncertainty|landing_spot_role_review|role_path_review|opportunity_insulation_limited|dolphins_multi_pass_catcher_investment,Multiple Day 2 Dolphins pass-catcher additions can constrain Year 1 target share.|Role clarity may take time to settle across a crowded pass-catching room.,day2,operator_seeded,True,speed_space_environment|target_competition_cluster|role_assignment_uncertainty,speed_space_environment,target_competition_cluster|role_assignment_uncertainty,team_context_joined:MIA,operator_seeded_unknown,MIA,day2_capital|round3_capital|round3_skill_capital|round3_wr_capital|target_room_competition_watch|year1_volume_uncertainty|landing_spot_role_review|role_path_review|opportunity_insulation_limited|dolphins_multi_pass_catcher_investment|speed_space_environment|target_competition_cluster|role_assignment_uncertainty,Multiple Day 2 Dolphins pass-catcher additions can constrain Year 1 target share.|Role clarity may take time to settle across a crowded pass-catching room.|target_competition_cluster|role_assignment_uncertainty,True,True,True,WR2|WR3|rotational_wr,"[{""role"":""WR3"",""role_family"":""wide_receiver"",""role_description"":""Tertiary WR role tied to 11-personnel and game-script volume."",""expected_volume_range"":{""targets_low"":null,""targets_high"":null,""touches_low"":null,""touches_high"":null,""routes_low"":null,""routes_high"":null},""expected_red_zone_usage"":""unknown"",""expected_ppr_ppg_range"":{""low"":null,""high"":null},""role_stability"":""medium"",""positive_role_tags"":[""three_wr_set_access"",""injury_elevation_path""],""risk_role_tags"":[""package_dependency"",""low_weekly_floor""],""notes"":""Operator-seeded inspect-only v0 role profile."",""context_tags"":[],""risk_tags"":[],""source_status"":""operator_seeded""},{""role"":""rotational_wr"",""role_family"":""wide_receiver"",""role_description"":""Rotational WR role with package-specific route participation."",""expected_volume_range"":{""targets_low"":null,""targets_high"":null,""touches_low"":null,""touches_high"":null,""routes_low"":null,""routes_high"":null},""expected_red_zone_usage"":""unknown"",""expected_ppr_ppg_range"":{""low"":null,""high"":null},""role_stability"":""medium"",""positive_role_tags"":[""specialized_package_usage"",""depth_chart_climb_path""],""risk_role_tags"":[""snap_share_instability"",""target_floor_risk""],""notes"":""Operator-seeded inspect-only v0 role profile."",""context_tags"":[],""risk_tags"":[],""source_status"":""operator_seeded""}]","[{""role"":""WR2"",""role_family"":""wide_receiver"",""role_description"":""Secondary starting WR role in projected pass environment."",""expected_touch_range"":{""low"":0,""high"":2},""expected_target_range"":{""low"":5,""high"":9},""expected_route_participation_range"":{""low"":70,""high"":92},""expected_red_zone_usage"":""medium"",""expected_ppr_ppg_range"":{""low"":9,""high"":16},""volatility"":""medium_high"",""positive_role_tags"":[""starter_route_share"",""spike_week_potential""],""risk_role_tags"":[""target_competition"",""game_plan_variance""],""notes"":""Operator-seeded v0 range; calibrate with historical role outcomes later."",""context_tags"":[],""risk_tags"":[],""source_status"":""operator_seeded""},{""role"":""WR3"",""role_family"":""wide_receiver"",""role_description"":""Tertiary WR role with situational starter value in 11 personnel."",""expected_touch_range"":{""low"":0,""high"":1},""expected_target_range"":{""low"":3,""high"":7},""expected_route_participation_range"":{""low"":55,""high"":85},""expected_red_zone_usage"":""low"",""expected_ppr_ppg_range"":{""low"":6,""high"":12},""volatility"":""high"",""positive_role_tags"":[""three_wr_set_access"",""injury_bump_path""],""risk_role_tags"":[""weekly_floor_instability"",""package_dependency""],""notes"":""Operator-seeded v0 range; calibrate with historical role outcomes later."",""context_tags"":[],""risk_tags"":[],""source_status"":""operator_seeded""},{""role"":""rotational_wr"",""role_family"":""wide_receiver"",""role_description"":""Rotational WR role with package-based routes and inconsistent volume."",""expected_touch_range"":{""low"":0,""high"":1},""expected_target_range"":{""low"":1,""high"":5},""expected_route_participation_range"":{""low"":25,""high"":60},""expected_red_zone_usage"":""low"",""expected_ppr_ppg_range"":{""low"":2,""high"":9},""volatility"":""high"",""positive_role_tags"":[""specialized_usage"",""injury_upside_path""],""risk_role_tags"":[""low_weekly_floor"",""snap_share_instability""],""notes"":""Operator-seeded v0 range; calibrate with historical role outcomes later."",""context_tags"":[],""risk_tags"":[],""source_status"":""operator_seeded""}]",,,role_opportunity_joined:MIA:WR2|WR3|rotational_wr,operator_seeded,day2_capital|round3_capital|round3_skill_capital|round3_wr_capital|target_room_competition_watch|year1_volume_uncertainty|landing_spot_role_review|role_path_review|opportunity_insulation_limited|dolphins_multi_pass_catcher_investment|speed_space_environment|target_competition_cluster|role_assignment_uncertainty,Multiple Day 2 Dolphins pass-catcher additions can constrain Year 1 target share.|Role clarity may take time to settle across a crowded pass-catching room.|target_competition_cluster|role_assignment_uncertainty
wr-antonio-williams,Antonio Williams,WR,56.8,55.5,-1.3,talent_confirmation:round3_skill_capital|opportunity_insulation:signal_bonus|risk:target_room_competition_watch|risk:year1_volume_uncertainty,3,71,Commanders,moderate,limited,strong,day2_capital|round3_capital|round3_skill_capital|round3_wr_capital|target_room_competition_watch|year1_volume_uncertainty|landing_spot_role_review|role_path_review|opportunity_insulation_limited,Target hierarchy outcomes can compress early route and volume certainty.|Round 3 capital creates more replacement risk than Round 2/1 outcomes.,day2,operator_seeded,True,jayden_daniels_environment|high_upside_offense|available_target_opportunity|role_projection_uncertainty,jayden_daniels_environment|high_upside_offense|available_target_opportunity,role_projection_uncertainty,team_context_joined:WAS,operator_seeded_unknown,WAS,day2_capital|round3_capital|round3_skill_capital|round3_wr_capital|target_room_competition_watch|year1_volume_uncertainty|landing_spot_role_review|role_path_review|opportunity_insulation_limited|jayden_daniels_environment|high_upside_offense|available_target_opportunity|role_projection_uncertainty,Target hierarchy outcomes can compress early route and volume certainty.|Round 3 capital creates more replacement risk than Round 2/1 outcomes.|role_projection_uncertainty,True,True,True,WR2|WR3|rotational_wr,"[{""role"":""WR2"",""role_family"":""wide_receiver"",""role_description"":""Secondary starting WR role in projected pass environment."",""expected_volume_range"":{""targets_low"":null,""targets_high"":null,""touches_low"":null,""touches_high"":null,""routes_low"":null,""routes_high"":null},""expected_red_zone_usage"":""unknown"",""expected_ppr_ppg_range"":{""low"":null,""high"":null},""role_stability"":""medium"",""positive_role_tags"":[""starter_route_participation"",""intermediate_target_path""],""risk_role_tags"":[""target_competition_risk"",""week_to_week_usage_variance""],""notes"":""Operator-seeded inspect-only v0 role profile."",""context_tags"":[],""risk_tags"":[],""source_status"":""operator_seeded""}]","[{""role"":""WR2"",""role_family"":""wide_receiver"",""role_description"":""Secondary starting WR role in projected pass environment."",""expected_touch_range"":{""low"":0,""high"":2},""expected_target_range"":{""low"":5,""high"":9},""expected_route_participation_range"":{""low"":70,""high"":92},""expected_red_zone_usage"":""medium"",""expected_ppr_ppg_range"":{""low"":9,""high"":16},""volatility"":""medium_high"",""positive_role_tags"":[""starter_route_share"",""spike_week_potential""],""risk_role_tags"":[""target_competition"",""game_plan_variance""],""notes"":""Operator-seeded v0 range; calibrate with historical role outcomes later."",""context_tags"":[],""risk_tags"":[],""source_status"":""operator_seeded""},{""role"":""WR3"",""role_family"":""wide_receiver"",""role_description"":""Tertiary WR role with situational starter value in 11 personnel."",""expected_touch_range"":{""low"":0,""high"":1},""expected_target_range"":{""low"":3,""high"":7},""expected_route_participation_range"":{""low"":55,""high"":85},""expected_red_zone_usage"":""low"",""expected_ppr_ppg_range"":{""low"":6,""high"":12},""volatility"":""high"",""positive_role_tags"":[""three_wr_set_access"",""injury_bump_path""],""risk_role_tags"":[""weekly_floor_instability"",""package_dependency""],""notes"":""Operator-seeded v0 range; calibrate with historical role outcomes later."",""context_tags"":[],""risk_tags"":[],""source_status"":""operator_seeded""},{""role"":""rotational_wr"",""role_family"":""wide_receiver"",""role_description"":""Rotational WR role with package-based routes and inconsistent volume."",""expected_touch_range"":{""low"":0,""high"":1},""expected_target_range"":{""low"":1,""high"":5},""expected_route_participation_range"":{""low"":25,""high"":60},""expected_red_zone_usage"":""low"",""expected_ppr_ppg_range"":{""low"":2,""high"":9},""volatility"":""high"",""positive_role_tags"":[""specialized_usage"",""injury_upside_path""],""risk_role_tags"":[""low_weekly_floor"",""snap_share_instability""],""notes"":""Operator-seeded v0 range; calibrate with historical role outcomes later."",""context_tags"":[],""risk_tags"":[],""source_status"":""operator_seeded""}]",,,role_opportunity_joined:WAS:WR2|WR3|rotational_wr,operator_seeded,day2_capital|round3_capital|round3_skill_capital|round3_wr_capital|target_room_competition_watch|year1_volume_uncertainty|landing_spot_role_review|role_path_review|opportunity_insulation_limited|jayden_daniels_environment|high_upside_offense|available_target_opportunity|role_projection_uncertainty,Target hierarchy outcomes can compress early route and volume certainty.|Round 3 capital creates more replacement risk than Round 2/1 outcomes.|role_projection_uncertainty
wr-dezhaun-stribling,De'Zhaun Stribling,WR,47.5,54.5,7.0,talent_confirmation:near_round1_skill_capital|talent_confirmation:early_day2_capital|talent_confirmation:round2_skill_capital|opportunity_insulation:signal_bonus|risk:target_room_competition_watch|risk:year1_volume_uncertainty|risk:opportunity_insulation_cap,2,33,49ers,strong,moderate,strong,day2_capital|round2_capital|early_day2_capital|near_round1_skill_capital|round2_skill_capital|round2_wr_capital|target_room_competition_watch|year1_volume_uncertainty|landing_spot_role_review|role_path_review|opportunity_insulation_moderate|shanahan_role_translation_watch|athletic_profile_boost,Target competition and role clarity in the 49ers pass-catching room can cap early volume certainty.|Day 2 WR capital remains less insulated than Round 1 investment if early usage is volatile.,day2,operator_seeded,True,shanahan_efficiency_environment|yac_creation_scheme|low_pass_volume_risk|role_specific_usage_dependency|day2_49ers_skill_pick_hit_rate_caution,shanahan_efficiency_environment|yac_creation_scheme,low_pass_volume_risk|role_specific_usage_dependency|day2_49ers_skill_pick_hit_rate_caution,team_context_joined:SF,operator_seeded_unknown,SF,day2_capital|round2_capital|early_day2_capital|near_round1_skill_capital|round2_skill_capital|round2_wr_capital|target_room_competition_watch|year1_volume_uncertainty|landing_spot_role_review|role_path_review|opportunity_insulation_moderate|shanahan_role_translation_watch|athletic_profile_boost|shanahan_efficiency_environment|yac_creation_scheme|low_pass_volume_risk|role_specific_usage_dependency|day2_49ers_skill_pick_hit_rate_caution,Target competition and role clarity in the 49ers pass-catching room can cap early volume certainty.|Day 2 WR capital remains less insulated than Round 1 investment if early usage is volatile.|low_pass_volume_risk|role_specific_usage_dependency|day2_49ers_skill_pick_hit_rate_caution,True,True,True,WR2|WR3|rotational_wr,"[{""role"":""WR2"",""role_family"":""wide_receiver"",""role_description"":""Secondary starting WR role in projected pass environment."",""expected_volume_range"":{""targets_low"":null,""targets_high"":null,""touches_low"":null,""touches_high"":null,""routes_low"":null,""routes_high"":null},""expected_red_zone_usage"":""unknown"",""expected_ppr_ppg_range"":{""low"":null,""high"":null},""role_stability"":""medium"",""positive_role_tags"":[""starter_route_participation"",""intermediate_target_path""],""risk_role_tags"":[""target_competition_risk"",""week_to_week_usage_variance""],""notes"":""Operator-seeded inspect-only v0 role profile."",""context_tags"":[],""risk_tags"":[],""source_status"":""operator_seeded""},{""role"":""rotational_wr"",""role_family"":""wide_receiver"",""role_description"":""Rotational WR role with package-specific route participation."",""expected_volume_range"":{""targets_low"":null,""targets_high"":null,""touches_low"":null,""touches_high"":null,""routes_low"":null,""routes_high"":null},""expected_red_zone_usage"":""unknown"",""expected_ppr_ppg_range"":{""low"":null,""high"":null},""role_stability"":""medium"",""positive_role_tags"":[""specialized_package_usage"",""depth_chart_climb_path""],""risk_role_tags"":[""snap_share_instability"",""target_floor_risk""],""notes"":""Operator-seeded inspect-only v0 role profile."",""context_tags"":[],""risk_tags"":[],""source_status"":""operator_seeded""}]","[{""role"":""WR2"",""role_family"":""wide_receiver"",""role_description"":""Secondary starting WR role in projected pass environment."",""expected_touch_range"":{""low"":0,""high"":2},""expected_target_range"":{""low"":5,""high"":9},""expected_route_participation_range"":{""low"":70,""high"":92},""expected_red_zone_usage"":""medium"",""expected_ppr_ppg_range"":{""low"":9,""high"":16},""volatility"":""medium_high"",""positive_role_tags"":[""starter_route_share"",""spike_week_potential""],""risk_role_tags"":[""target_competition"",""game_plan_variance""],""notes"":""Operator-seeded v0 range; calibrate with historical role outcomes later."",""context_tags"":[],""risk_tags"":[],""source_status"":""operator_seeded""},{""role"":""WR3"",""role_family"":""wide_receiver"",""role_description"":""Tertiary WR role with situational starter value in 11 personnel."",""expected_touch_range"":{""low"":0,""high"":1},""expected_target_range"":{""low"":3,""high"":7},""expected_route_participation_range"":{""low"":55,""high"":85},""expected_red_zone_usage"":""low"",""expected_ppr_ppg_range"":{""low"":6,""high"":12},""volatility"":""high"",""positive_role_tags"":[""three_wr_set_access"",""injury_bump_path""],""risk_role_tags"":[""weekly_floor_instability"",""package_dependency""],""notes"":""Operator-seeded v0 range; calibrate with historical role outcomes later."",""context_tags"":[],""risk_tags"":[],""source_status"":""operator_seeded""},{""role"":""rotational_wr"",""role_family"":""wide_receiver"",""role_description"":""Rotational WR role with package-based routes and inconsistent volume."",""expected_touch_range"":{""low"":0,""high"":1},""expected_target_range"":{""low"":1,""high"":5},""expected_route_participation_range"":{""low"":25,""high"":60},""expected_red_zone_usage"":""low"",""expected_ppr_ppg_range"":{""low"":2,""high"":9},""volatility"":""high"",""positive_role_tags"":[""specialized_usage"",""injury_upside_path""],""risk_role_tags"":[""low_weekly_floor"",""snap_share_instability""],""notes"":""Operator-seeded v0 range; calibrate with historical role outcomes later."",""context_tags"":[],""risk_tags"":[],""source_status"":""operator_seeded""}]",,,role_opportunity_joined:SF:WR2|WR3|rotational_wr,operator_seeded,day2_capital|round2_capital|early_day2_capital|near_round1_skill_capital|round2_skill_capital|round2_wr_capital|target_room_competition_watch|year1_volume_uncertainty|landing_spot_role_review|role_path_review|opportunity_insulation_moderate|shanahan_role_translation_watch|athletic_profile_boost|shanahan_efficiency_environment|yac_creation_scheme|low_pass_volume_risk|role_specific_usage_dependency|day2_49ers_skill_pick_hit_rate_caution,Target competition and role clarity in the 49ers pass-catching room can cap early volume certainty.|Day 2 WR capital remains less insulated than Round 1 investment if early usage is volatile.|low_pass_volume_risk|role_specific_usage_dependency|day2_49ers_skill_pick_hit_rate_caution
wr-ted-hurst,Ted Hurst,WR,55.7,54.4,-1.3,talent_confirmation:round3_skill_capital|opportunity_insulation:signal_bonus|risk:target_room_competition_watch|risk:year1_volume_uncertainty,3,84,Buccaneers,moderate,limited,strong,day2_capital|round3_capital|round3_skill_capital|round3_wr_capital|target_room_competition_watch|year1_volume_uncertainty|landing_spot_role_review|role_path_review|opportunity_insulation_limited,Target hierarchy uncertainty can cap early route-share confidence.|Round 3 runway can narrow if role specialization is slow to materialize.,day2,operator_seeded,True,stable_playcaller_continuity|vertical_passing_upside|target_competition_cluster|role_assignment_uncertainty,stable_playcaller_continuity|vertical_passing_upside,target_competition_cluster|role_assignment_uncertainty,team_context_joined:TB,operator_seeded_unknown,TB,day2_capital|round3_capital|round3_skill_capital|round3_wr_capital|target_room_competition_watch|year1_volume_uncertainty|landing_spot_role_review|role_path_review|opportunity_insulation_limited|stable_playcaller_continuity|vertical_passing_upside|target_competition_cluster|role_assignment_uncertainty,Target hierarchy uncertainty can cap early route-share confidence.|Round 3 runway can narrow if role specialization is slow to materialize.|target_competition_cluster|role_assignment_uncertainty,False,True,False,WR2|WR3|rotational_wr,,"[{""role"":""WR2"",""role_family"":""wide_receiver"",""role_description"":""Secondary starting WR role in projected pass environment."",""expected_touch_range"":{""low"":0,""high"":2},""expected_target_range"":{""low"":5,""high"":9},""expected_route_participation_range"":{""low"":70,""high"":92},""expected_red_zone_usage"":""medium"",""expected_ppr_ppg_range"":{""low"":9,""high"":16},""volatility"":""medium_high"",""positive_role_tags"":[""starter_route_share"",""spike_week_potential""],""risk_role_tags"":[""target_competition"",""game_plan_variance""],""notes"":""Operator-seeded v0 range; calibrate with historical role outcomes later."",""context_tags"":[],""risk_tags"":[],""source_status"":""operator_seeded""},{""role"":""WR3"",""role_family"":""wide_receiver"",""role_description"":""Tertiary WR role with situational starter value in 11 personnel."",""expected_touch_range"":{""low"":0,""high"":1},""expected_target_range"":{""low"":3,""high"":7},""expected_route_participation_range"":{""low"":55,""high"":85},""expected_red_zone_usage"":""low"",""expected_ppr_ppg_range"":{""low"":6,""high"":12},""volatility"":""high"",""positive_role_tags"":[""three_wr_set_access"",""injury_bump_path""],""risk_role_tags"":[""weekly_floor_instability"",""package_dependency""],""notes"":""Operator-seeded v0 range; calibrate with historical role outcomes later."",""context_tags"":[],""risk_tags"":[],""source_status"":""operator_seeded""},{""role"":""rotational_wr"",""role_family"":""wide_receiver"",""role_description"":""Rotational WR role with package-based routes and inconsistent volume."",""expected_touch_range"":{""low"":0,""high"":1},""expected_target_range"":{""low"":1,""high"":5},""expected_route_participation_range"":{""low"":25,""high"":60},""expected_red_zone_usage"":""low"",""expected_ppr_ppg_range"":{""low"":2,""high"":9},""volatility"":""high"",""positive_role_tags"":[""specialized_usage"",""injury_upside_path""],""risk_role_tags"":[""low_weekly_floor"",""snap_share_instability""],""notes"":""Operator-seeded v0 range; calibrate with historical role outcomes later."",""context_tags"":[],""risk_tags"":[],""source_status"":""operator_seeded""}]",,,team_role_profile_not_found:TB,operator_seeded,day2_capital|round3_capital|round3_skill_capital|round3_wr_capital|target_room_competition_watch|year1_volume_uncertainty|landing_spot_role_review|role_path_review|opportunity_insulation_limited|stable_playcaller_continuity|vertical_passing_upside|target_competition_cluster|role_assignment_uncertainty,Target hierarchy uncertainty can cap early route-share confidence.|Round 3 runway can narrow if role specialization is slow to materialize.|target_competition_cluster|role_assignment_uncertainty
te-max-klare,Max Klare,TE,50.8,53.8,3.0,talent_confirmation:round2_skill_capital|talent_confirmation:day2_te_cluster|opportunity_insulation:signal_bonus|risk:delayed_te_translation_watch|risk:opportunity_insulation_cap,2,61,Rams,moderate,moderate,delayed,day2_capital|round2_capital|round2_skill_capital|round2_te_capital|day2_te_cluster|te_market_push|delayed_te_translation_watch|role_translation_watch|role_path_review|opportunity_insulation_moderate,Year 1 role could skew rotational while route-responsibility grows.|TE development arc can limit early-week fantasy predictability.,day2,operator_seeded,True,mcvay_developmental_environment|efficient_passing_environment|heavy_personnel_role_watch|veteran_depth_chart_block|delayed_start_path|role_specific_usage_dependency,mcvay_developmental_environment|efficient_passing_environment|heavy_personnel_role_watch,veteran_depth_chart_block|delayed_start_path|role_specific_usage_dependency,team_context_joined:LAR,operator_seeded_unknown,LAR,day2_capital|round2_capital|round2_skill_capital|round2_te_capital|day2_te_cluster|te_market_push|delayed_te_translation_watch|role_translation_watch|role_path_review|opportunity_insulation_moderate|mcvay_developmental_environment|efficient_passing_environment|heavy_personnel_role_watch|veteran_depth_chart_block|delayed_start_path|role_specific_usage_dependency,Year 1 role could skew rotational while route-responsibility grows.|TE development arc can limit early-week fantasy predictability.|veteran_depth_chart_block|delayed_start_path|role_specific_usage_dependency,True,False,False,,,,,,no_heuristic_role_match:LAR,operator_seeded,day2_capital|round2_capital|round2_skill_capital|round2_te_capital|day2_te_cluster|te_market_push|delayed_te_translation_watch|role_translation_watch|role_path_review|opportunity_insulation_moderate|mcvay_developmental_environment|efficient_passing_environment|heavy_personnel_role_watch|veteran_depth_chart_block|delayed_start_path|role_specific_usage_dependency,Year 1 role could skew rotational while route-responsibility grows.|TE development arc can limit early-week fantasy predictability.|veteran_depth_chart_block|delayed_start_path|role_specific_usage_dependency
wr-chris-brazzell-ii,Chris Brazzell II,WR,52.5,51.2,-1.3,talent_confirmation:round3_skill_capital|opportunity_insulation:signal_bonus|risk:target_room_competition_watch|risk:year1_volume_uncertainty,3,83,Panthers,moderate,limited,strong,day2_capital|round3_capital|round3_skill_capital|round3_wr_capital|target_room_competition_watch|year1_volume_uncertainty|landing_spot_role_review|role_path_review|opportunity_insulation_limited,Competition for vertical/secondary targets can compress weekly volume floor.|Role volatility may persist until route tree and deployment stabilize.,day2,operator_seeded,True,young_offense_growth_path|playmaker_deployment_upside|qb_environment_uncertainty|overall_offense_floor_risk,young_offense_growth_path|playmaker_deployment_upside,qb_environment_uncertainty|overall_offense_floor_risk,team_context_joined:CAR,operator_seeded_unknown,CAR,day2_capital|round3_capital|round3_skill_capital|round3_wr_capital|target_room_competition_watch|year1_volume_uncertainty|landing_spot_role_review|role_path_review|opportunity_insulation_limited|young_offense_growth_path|playmaker_deployment_upside|qb_environment_uncertainty|overall_offense_floor_risk,Competition for vertical/secondary targets can compress weekly volume floor.|Role volatility may persist until route tree and deployment stabilize.|qb_environment_uncertainty|overall_offense_floor_risk,False,True,False,WR2|WR3|rotational_wr,,"[{""role"":""WR2"",""role_family"":""wide_receiver"",""role_description"":""Secondary starting WR role in projected pass environment."",""expected_touch_range"":{""low"":0,""high"":2},""expected_target_range"":{""low"":5,""high"":9},""expected_route_participation_range"":{""low"":70,""high"":92},""expected_red_zone_usage"":""medium"",""expected_ppr_ppg_range"":{""low"":9,""high"":16},""volatility"":""medium_high"",""positive_role_tags"":[""starter_route_share"",""spike_week_potential""],""risk_role_tags"":[""target_competition"",""game_plan_variance""],""notes"":""Operator-seeded v0 range; calibrate with historical role outcomes later."",""context_tags"":[],""risk_tags"":[],""source_status"":""operator_seeded""},{""role"":""WR3"",""role_family"":""wide_receiver"",""role_description"":""Tertiary WR role with situational starter value in 11 personnel."",""expected_touch_range"":{""low"":0,""high"":1},""expected_target_range"":{""low"":3,""high"":7},""expected_route_participation_range"":{""low"":55,""high"":85},""expected_red_zone_usage"":""low"",""expected_ppr_ppg_range"":{""low"":6,""high"":12},""volatility"":""high"",""positive_role_tags"":[""three_wr_set_access"",""injury_bump_path""],""risk_role_tags"":[""weekly_floor_instability"",""package_dependency""],""notes"":""Operator-seeded v0 range; calibrate with historical role outcomes later."",""context_tags"":[],""risk_tags"":[],""source_status"":""operator_seeded""},{""role"":""rotational_wr"",""role_family"":""wide_receiver"",""role_description"":""Rotational WR role with package-based routes and inconsistent volume."",""expected_touch_range"":{""low"":0,""high"":1},""expected_target_range"":{""low"":1,""high"":5},""expected_route_participation_range"":{""low"":25,""high"":60},""expected_red_zone_usage"":""low"",""expected_ppr_ppg_range"":{""low"":2,""high"":9},""volatility"":""high"",""positive_role_tags"":[""specialized_usage"",""injury_upside_path""],""risk_role_tags"":[""low_weekly_floor"",""snap_share_instability""],""notes"":""Operator-seeded v0 range; calibrate with historical role outcomes later."",""context_tags"":[],""risk_tags"":[],""source_status"":""operator_seeded""}]",,,team_role_profile_not_found:CAR,operator_seeded,day2_capital|round3_capital|round3_skill_capital|round3_wr_capital|target_room_competition_watch|year1_volume_uncertainty|landing_spot_role_review|role_path_review|opportunity_insulation_limited|young_offense_growth_path|playmaker_deployment_upside|qb_environment_uncertainty|overall_offense_floor_risk,Competition for vertical/secondary targets can compress weekly volume floor.|Role volatility may persist until route tree and deployment stabilize.|qb_environment_uncertainty|overall_offense_floor_risk
te-eli-raridon,Eli Raridon,TE,48.0,49.1,1.1,talent_confirmation:round3_skill_capital|opportunity_insulation:signal_bonus|risk:delayed_te_translation_watch,3,95,Patriots,mixed,limited,delayed,day2_capital|round3_capital|round3_skill_capital|round3_te_capital|delayed_te_translation_watch|role_translation_watch|role_path_review|opportunity_insulation_limited,TE transition timeline can delay sustained fantasy relevance.|Role translation risk remains elevated until route and target usage stabilizes.,day2,operator_seeded,True,rookie_usage_runway|scheme_rebuild_opportunity|offense_environment_uncertainty|target_distribution_volatility,rookie_usage_runway|scheme_rebuild_opportunity,offense_environment_uncertainty|target_distribution_volatility,team_context_joined:NE,operator_seeded_unknown,NE,day2_capital|round3_capital|round3_skill_capital|round3_te_capital|delayed_te_translation_watch|role_translation_watch|role_path_review|opportunity_insulation_limited|rookie_usage_runway|scheme_rebuild_opportunity|offense_environment_uncertainty|target_distribution_volatility,TE transition timeline can delay sustained fantasy relevance.|Role translation risk remains elevated until route and target usage stabilizes.|offense_environment_uncertainty|target_distribution_volatility,False,False,False,,,,,,team_role_profile_not_found:NE,operator_seeded,day2_capital|round3_capital|round3_skill_capital|round3_te_capital|delayed_te_translation_watch|role_translation_watch|role_path_review|opportunity_insulation_limited|rookie_usage_runway|scheme_rebuild_opportunity|offense_environment_uncertainty|target_distribution_volatility,TE transition timeline can delay sustained fantasy relevance.|Role translation risk remains elevated until route and target usage stabilizes.|offense_environment_uncertainty|target_distribution_volatility
qb-carson-beck,Carson Beck,QB,45.0,47.0,2.0,talent_confirmation:round3_skill_capital|talent_confirmation:round3_qb_capital|opportunity_insulation:signal_bonus|risk:developmental_qb_capital|risk:opportunity_insulation_cap,3,65,Cardinals,mixed,limited,delayed,day2_capital|round3_capital|round3_skill_capital|round3_qb_capital|developmental_qb_capital|delayed_start_path|qb_room_context_required|role_path_review|opportunity_insulation_limited,Day 3-adjacent quarterback capital can produce fragile organizational patience.|Starting timeline and QB-room hierarchy are still context-dependent.,day2,operator_seeded,True,creative_space_usage|year2_offense_continuity|target_concentration_ahead|role_competition_risk,creative_space_usage|year2_offense_continuity,target_concentration_ahead|role_competition_risk,team_context_joined:ARI,operator_seeded_unknown,ARI,day2_capital|round3_capital|round3_skill_capital|round3_qb_capital|developmental_qb_capital|delayed_start_path|qb_room_context_required|role_path_review|opportunity_insulation_limited|creative_space_usage|year2_offense_continuity|target_concentration_ahead|role_competition_risk,Day 3-adjacent quarterback capital can produce fragile organizational patience.|Starting timeline and QB-room hierarchy are still context-dependent.|target_concentration_ahead|role_competition_risk,False,False,False,,,,,,team_role_profile_not_found:ARI,operator_seeded,day2_capital|round3_capital|round3_skill_capital|round3_qb_capital|developmental_qb_capital|delayed_start_path|qb_room_context_required|role_path_review|opportunity_insulation_limited|creative_space_usage|year2_offense_continuity|target_concentration_ahead|role_competition_risk,Day 3-adjacent quarterback capital can produce fragile organizational patience.|Starting timeline and QB-room hierarchy are still context-dependent.|target_concentration_ahead|role_competition_risk
te-nate-boerkircher,Nate Boerkircher,TE,43.4,46.4,3.0,talent_confirmation:round2_skill_capital|talent_confirmation:day2_te_cluster|opportunity_insulation:signal_bonus|risk:delayed_te_translation_watch|risk:opportunity_insulation_cap,2,56,Jaguars,moderate,moderate,delayed,day2_capital|round2_capital|round2_skill_capital|round2_te_capital|day2_te_cluster|te_market_push|delayed_te_translation_watch|role_translation_watch|role_path_review|opportunity_insulation_moderate,Role may open as blocking/rotational usage before high-value targets consolidate.|TE translation timelines can delay dependable fantasy output.,day2,operator_seeded,True,data_savvy_org_validation|late_round_te_watch|round5_insulation_risk|depth_chart_path_uncertain|delayed_te_translation_watch,data_savvy_org_validation|late_round_te_watch,round5_insulation_risk|depth_chart_path_uncertain|delayed_te_translation_watch,team_context_joined:JAX,operator_seeded_unknown,JAX,day2_capital|round2_capital|round2_skill_capital|round2_te_capital|day2_te_cluster|te_market_push|delayed_te_translation_watch|role_translation_watch|role_path_review|opportunity_insulation_moderate|data_savvy_org_validation|late_round_te_watch|round5_insulation_risk|depth_chart_path_uncertain,Role may open as blocking/rotational usage before high-value targets consolidate.|TE translation timelines can delay dependable fantasy output.|round5_insulation_risk|depth_chart_path_uncertain|delayed_te_translation_watch,True,True,True,blocking_rotational_te|TE2,"[{""role"":""TE2"",""role_family"":""tight_end"",""role_description"":""Secondary TE role with mixed blocking and receiving duties."",""expected_volume_range"":{""targets_low"":null,""targets_high"":null,""touches_low"":null,""touches_high"":null,""routes_low"":null,""routes_high"":null},""expected_red_zone_usage"":""unknown"",""expected_ppr_ppg_range"":{""low"":null,""high"":null},""role_stability"":""medium"",""positive_role_tags"":[""multi_te_personnel_access"",""contingent_route_upside"",""late_round_te_watch""],""risk_role_tags"":[""limited_route_share"",""touchdown_dependency""],""notes"":""Operator-seeded inspect-only v0 role profile."",""context_tags"":[],""risk_tags"":[],""source_status"":""operator_seeded""},{""role"":""blocking_rotational_te"",""role_family"":""tight_end"",""role_description"":""Blocking-forward rotational TE role with limited routes."",""expected_volume_range"":{""targets_low"":null,""targets_high"":null,""touches_low"":null,""touches_high"":null,""routes_low"":null,""routes_high"":null},""expected_red_zone_usage"":""unknown"",""expected_ppr_ppg_range"":{""low"":null,""high"":null},""role_stability"":""medium"",""positive_role_tags"":[""snap_pathway_via_blocking"",""heavy_personnel_access""],""risk_role_tags"":[""limited_target_translation"",""route_participation_cap""],""notes"":""Operator-seeded inspect-only v0 role profile."",""context_tags"":[],""risk_tags"":[],""source_status"":""operator_seeded""}]","[{""role"":""blocking_rotational_te"",""role_family"":""tight_end"",""role_description"":""Blocking-first rotational TE role with limited route participation."",""expected_touch_range"":{""low"":0,""high"":1},""expected_target_range"":{""low"":0,""high"":2},""expected_route_participation_range"":{""low"":10,""high"":35},""expected_red_zone_usage"":""unknown"",""expected_ppr_ppg_range"":{""low"":0,""high"":5},""volatility"":""high"",""positive_role_tags"":[""snap_pathway"",""formation_value""],""risk_role_tags"":[""limited_fantasy_translation"",""route_volume_cap""],""notes"":""Operator-seeded v0 range; calibrate with historical role outcomes later."",""context_tags"":[],""risk_tags"":[],""source_status"":""operator_seeded""},{""role"":""TE2"",""role_family"":""tight_end"",""role_description"":""Secondary TE role with occasional routes and package-specific deployment."",""expected_touch_range"":{""low"":0,""high"":1},""expected_target_range"":{""low"":1,""high"":4},""expected_route_participation_range"":{""low"":25,""high"":55},""expected_red_zone_usage"":""low"",""expected_ppr_ppg_range"":{""low"":2,""high"":8},""volatility"":""high"",""positive_role_tags"":[""multi_te_personnel_access"",""injury_contingency""],""risk_role_tags"":[""limited_route_share"",""touchdown_dependency""],""notes"":""Operator-seeded v0 range; calibrate with historical role outcomes later."",""context_tags"":[],""risk_tags"":[],""source_status"":""operator_seeded""}]",,,role_opportunity_joined:JAX:blocking_rotational_te|TE2,operator_seeded,day2_capital|round2_capital|round2_skill_capital|round2_te_capital|day2_te_cluster|te_market_push|delayed_te_translation_watch|role_translation_watch|role_path_review|opportunity_insulation_moderate|data_savvy_org_validation|late_round_te_watch|round5_insulation_risk|depth_chart_path_uncertain,Role may open as blocking/rotational usage before high-value targets consolidate.|TE translation timelines can delay dependable fantasy output.|round5_insulation_risk|depth_chart_path_uncertain|delayed_te_translation_watch
te-oscar-delp,Oscar Delp,TE,42.1,43.2,1.1,talent_confirmation:round3_skill_capital|opportunity_insulation:signal_bonus|risk:delayed_te_translation_watch,3,73,Saints,mixed,limited,delayed,day2_capital|round3_capital|round3_skill_capital|round3_te_capital|delayed_te_translation_watch|role_translation_watch|role_path_review|opportunity_insulation_limited,Initial role can tilt toward rotational responsibilities.|Delayed TE earning curve can hold down early fantasy usability.,day2,operator_seeded,True,pace_boost_candidate|pass_environment_upside|qb_context_uncertainty|scheme_transition_variance,pace_boost_candidate|pass_environment_upside,qb_context_uncertainty|scheme_transition_variance,team_context_joined:NO,operator_seeded_unknown,NO,day2_capital|round3_capital|round3_skill_capital|round3_te_capital|delayed_te_translation_watch|role_translation_watch|role_path_review|opportunity_insulation_limited|pace_boost_candidate|pass_environment_upside|qb_context_uncertainty|scheme_transition_variance,Initial role can tilt toward rotational responsibilities.|Delayed TE earning curve can hold down early fantasy usability.|qb_context_uncertainty|scheme_transition_variance,True,False,False,,,,,,no_heuristic_role_match:NO,operator_seeded,day2_capital|round3_capital|round3_skill_capital|round3_te_capital|delayed_te_translation_watch|role_translation_watch|role_path_review|opportunity_insulation_limited|pace_boost_candidate|pass_environment_upside|qb_context_uncertainty|scheme_transition_variance,Initial role can tilt toward rotational responsibilities.|Delayed TE earning curve can hold down early fantasy usability.|qb_context_uncertainty|scheme_transition_variance
te-marlin-klein,Marlin Klein,TE,37.0,40.0,3.0,talent_confirmation:round2_skill_capital|talent_confirmation:day2_te_cluster|opportunity_insulation:signal_bonus|risk:delayed_te_translation_watch|risk:opportunity_insulation_cap,2,59,Texans,moderate,moderate,delayed,day2_capital|round2_capital|round2_skill_capital|round2_te_capital|day2_te_cluster|te_market_push|delayed_te_translation_watch|role_translation_watch|role_path_review|opportunity_insulation_moderate,Route share and red-zone usage are uncertain in early deployment windows.|Position-wide translation lag can suppress immediate fantasy utility.,day2,operator_seeded,True,improved_offense_watch|offensive_line_dependency|play_caller_transfer_uncertainty,improved_offense_watch,offensive_line_dependency|play_caller_transfer_uncertainty,team_context_joined:HOU,operator_seeded_unknown,HOU,day2_capital|round2_capital|round2_skill_capital|round2_te_capital|day2_te_cluster|te_market_push|delayed_te_translation_watch|role_translation_watch|role_path_review|opportunity_insulation_moderate|improved_offense_watch|offensive_line_dependency|play_caller_transfer_uncertainty,Route share and red-zone usage are uncertain in early deployment windows.|Position-wide translation lag can suppress immediate fantasy utility.|offensive_line_dependency|play_caller_transfer_uncertainty,True,False,False,,,,,,no_heuristic_role_match:HOU,operator_seeded,day2_capital|round2_capital|round2_skill_capital|round2_te_capital|day2_te_cluster|te_market_push|delayed_te_translation_watch|role_translation_watch|role_path_review|opportunity_insulation_moderate|improved_offense_watch|offensive_line_dependency|play_caller_transfer_uncertainty,Route share and red-zone usage are uncertain in early deployment windows.|Position-wide translation lag can suppress immediate fantasy utility.|offensive_line_dependency|play_caller_transfer_uncertainty
wr-jakobi-lane,Ja'Kobi Lane,WR,40.1,38.8,-1.3,talent_confirmation:round3_skill_capital|opportunity_insulation:signal_bonus|risk:target_room_competition_watch|risk:year1_volume_uncertainty,3,80,Ravens,moderate,limited,strong,day2_capital|round3_capital|round3_skill_capital|round3_wr_capital|target_room_competition_watch|year1_volume_uncertainty|landing_spot_role_review|role_path_review|opportunity_insulation_limited,Target concentration dynamics can limit immediate route-volume certainty.|Day 2 Round 3 capital is sensitive to early performance variance.,day2,operator_seeded,True,high_efficiency_rush_pass_balance|red_zone_trip_upside|low_pass_volume_risk|target_concentration_ahead,high_efficiency_rush_pass_balance|red_zone_trip_upside,low_pass_volume_risk|target_concentration_ahead,team_context_joined:BAL,operator_seeded_unknown,BAL,day2_capital|round3_capital|round3_skill_capital|round3_wr_capital|target_room_competition_watch|year1_volume_uncertainty|landing_spot_role_review|role_path_review|opportunity_insulation_limited|high_efficiency_rush_pass_balance|red_zone_trip_upside|low_pass_volume_risk|target_concentration_ahead,Target concentration dynamics can limit immediate route-volume certainty.|Day 2 Round 3 capital is sensitive to early performance variance.|low_pass_volume_risk|target_concentration_ahead,False,True,False,WR2|WR3|rotational_wr,,"[{""role"":""WR2"",""role_family"":""wide_receiver"",""role_description"":""Secondary starting WR role in projected pass environment."",""expected_touch_range"":{""low"":0,""high"":2},""expected_target_range"":{""low"":5,""high"":9},""expected_route_participation_range"":{""low"":70,""high"":92},""expected_red_zone_usage"":""medium"",""expected_ppr_ppg_range"":{""low"":9,""high"":16},""volatility"":""medium_high"",""positive_role_tags"":[""starter_route_share"",""spike_week_potential""],""risk_role_tags"":[""target_competition"",""game_plan_variance""],""notes"":""Operator-seeded v0 range; calibrate with historical role outcomes later."",""context_tags"":[],""risk_tags"":[],""source_status"":""operator_seeded""},{""role"":""WR3"",""role_family"":""wide_receiver"",""role_description"":""Tertiary WR role with situational starter value in 11 personnel."",""expected_touch_range"":{""low"":0,""high"":1},""expected_target_range"":{""low"":3,""high"":7},""expected_route_participation_range"":{""low"":55,""high"":85},""expected_red_zone_usage"":""low"",""expected_ppr_ppg_range"":{""low"":6,""high"":12},""volatility"":""high"",""positive_role_tags"":[""three_wr_set_access"",""injury_bump_path""],""risk_role_tags"":[""weekly_floor_instability"",""package_dependency""],""notes"":""Operator-seeded v0 range; calibrate with historical role outcomes later."",""context_tags"":[],""risk_tags"":[],""source_status"":""operator_seeded""},{""role"":""rotational_wr"",""role_family"":""wide_receiver"",""role_description"":""Rotational WR role with package-based routes and inconsistent volume."",""expected_touch_range"":{""low"":0,""high"":1},""expected_target_range"":{""low"":1,""high"":5},""expected_route_participation_range"":{""low"":25,""high"":60},""expected_red_zone_usage"":""low"",""expected_ppr_ppg_range"":{""low"":2,""high"":9},""volatility"":""high"",""positive_role_tags"":[""specialized_usage"",""injury_upside_path""],""risk_role_tags"":[""low_weekly_floor"",""snap_share_instability""],""notes"":""Operator-seeded v0 range; calibrate with historical role outcomes later."",""context_tags"":[],""risk_tags"":[],""source_status"":""operator_seeded""}]",,,team_role_profile_not_found:BAL,operator_seeded,day2_capital|round3_capital|round3_skill_capital|round3_wr_capital|target_room_competition_watch|year1_volume_uncertainty|landing_spot_role_review|role_path_review|opportunity_insulation_limited|high_efficiency_rush_pass_balance|red_zone_trip_upside|low_pass_volume_risk|target_concentration_ahead,Target concentration dynamics can limit immediate route-volume certainty.|Day 2 Round 3 capital is sensitive to early performance variance.|low_pass_volume_risk|target_concentration_ahead
wr-malachi-fields,Malachi Fields,WR,39.5,38.2,-1.3,talent_confirmation:round3_skill_capital|opportunity_insulation:signal_bonus|risk:target_room_competition_watch|risk:year1_volume_uncertainty,3,74,Giants,moderate,limited,strong,day2_capital|round3_capital|round3_skill_capital|round3_wr_capital|target_room_competition_watch|year1_volume_uncertainty|landing_spot_role_review|role_path_review|opportunity_insulation_limited,Route tree deployment and target share competition can create volatile weekly opportunity.|Round 3 insulation is sensitive to early coaching confidence.,day2,operator_seeded,True,year1_route_path|improved_offense_watch|role_competition_risk|profile_translation_risk,year1_route_path|improved_offense_watch,role_competition_risk|profile_translation_risk,team_context_joined:NYG,operator_seeded_unknown,NYG,day2_capital|round3_capital|round3_skill_capital|round3_wr_capital|target_room_competition_watch|year1_volume_uncertainty|landing_spot_role_review|role_path_review|opportunity_insulation_limited|year1_route_path|improved_offense_watch|role_competition_risk|profile_translation_risk,Route tree deployment and target share competition can create volatile weekly opportunity.|Round 3 insulation is sensitive to early coaching confidence.|role_competition_risk|profile_translation_risk,True,True,True,WR2|WR3|rotational_wr,"[{""role"":""WR2"",""role_family"":""wide_receiver"",""role_description"":""Secondary starting WR role in projected pass environment."",""expected_volume_range"":{""targets_low"":null,""targets_high"":null,""touches_low"":null,""touches_high"":null,""routes_low"":null,""routes_high"":null},""expected_red_zone_usage"":""unknown"",""expected_ppr_ppg_range"":{""low"":null,""high"":null},""role_stability"":""medium"",""positive_role_tags"":[""starter_route_participation"",""intermediate_target_path""],""risk_role_tags"":[""target_competition_risk"",""week_to_week_usage_variance""],""notes"":""Operator-seeded inspect-only v0 role profile."",""context_tags"":[],""risk_tags"":[],""source_status"":""operator_seeded""},{""role"":""rotational_wr"",""role_family"":""wide_receiver"",""role_description"":""Rotational WR role with package-specific route participation."",""expected_volume_range"":{""targets_low"":null,""targets_high"":null,""touches_low"":null,""touches_high"":null,""routes_low"":null,""routes_high"":null},""expected_red_zone_usage"":""unknown"",""expected_ppr_ppg_range"":{""low"":null,""high"":null},""role_stability"":""medium"",""positive_role_tags"":[""specialized_package_usage"",""depth_chart_climb_path""],""risk_role_tags"":[""snap_share_instability"",""target_floor_risk""],""notes"":""Operator-seeded inspect-only v0 role profile."",""context_tags"":[],""risk_tags"":[],""source_status"":""operator_seeded""}]","[{""role"":""WR2"",""role_family"":""wide_receiver"",""role_description"":""Secondary starting WR role in projected pass environment."",""expected_touch_range"":{""low"":0,""high"":2},""expected_target_range"":{""low"":5,""high"":9},""expected_route_participation_range"":{""low"":70,""high"":92},""expected_red_zone_usage"":""medium"",""expected_ppr_ppg_range"":{""low"":9,""high"":16},""volatility"":""medium_high"",""positive_role_tags"":[""starter_route_share"",""spike_week_potential""],""risk_role_tags"":[""target_competition"",""game_plan_variance""],""notes"":""Operator-seeded v0 range; calibrate with historical role outcomes later."",""context_tags"":[],""risk_tags"":[],""source_status"":""operator_seeded""},{""role"":""WR3"",""role_family"":""wide_receiver"",""role_description"":""Tertiary WR role with situational starter value in 11 personnel."",""expected_touch_range"":{""low"":0,""high"":1},""expected_target_range"":{""low"":3,""high"":7},""expected_route_participation_range"":{""low"":55,""high"":85},""expected_red_zone_usage"":""low"",""expected_ppr_ppg_range"":{""low"":6,""high"":12},""volatility"":""high"",""positive_role_tags"":[""three_wr_set_access"",""injury_bump_path""],""risk_role_tags"":[""weekly_floor_instability"",""package_dependency""],""notes"":""Operator-seeded v0 range; calibrate with historical role outcomes later."",""context_tags"":[],""risk_tags"":[],""source_status"":""operator_seeded""},{""role"":""rotational_wr"",""role_family"":""wide_receiver"",""role_description"":""Rotational WR role with package-based routes and inconsistent volume."",""expected_touch_range"":{""low"":0,""high"":1},""expected_target_range"":{""low"":1,""high"":5},""expected_route_participation_range"":{""low"":25,""high"":60},""expected_red_zone_usage"":""low"",""expected_ppr_ppg_range"":{""low"":2,""high"":9},""volatility"":""high"",""positive_role_tags"":[""specialized_usage"",""injury_upside_path""],""risk_role_tags"":[""low_weekly_floor"",""snap_share_instability""],""notes"":""Operator-seeded v0 range; calibrate with historical role outcomes later."",""context_tags"":[],""risk_tags"":[],""source_status"":""operator_seeded""}]",,,role_opportunity_joined:NYG:WR2|WR3|rotational_wr,operator_seeded,day2_capital|round3_capital|round3_skill_capital|round3_wr_capital|target_room_competition_watch|year1_volume_uncertainty|landing_spot_role_review|role_path_review|opportunity_insulation_limited|year1_route_path|improved_offense_watch|role_competition_risk|profile_translation_risk,Route tree deployment and target share competition can create volatile weekly opportunity.|Round 3 insulation is sensitive to early coaching confidence.|role_competition_risk|profile_translation_risk
wr-caleb-douglas,Caleb Douglas,WR,34.9,33.6,-1.3,talent_confirmation:round3_skill_capital|opportunity_insulation:signal_bonus|risk:target_room_competition_watch|risk:year1_volume_uncertainty,3,75,Dolphins,moderate,limited,strong,day2_capital|round3_capital|round3_skill_capital|round3_wr_capital|target_room_competition_watch|year1_volume_uncertainty|landing_spot_role_review|role_path_review|opportunity_insulation_limited|dolphins_multi_pass_catcher_investment,Team-level clustering of Day 2 pass-catcher picks can flatten individual Year 1 volume.|Role assignment within the Dolphins WR/TE ecosystem is still unsettled.,day2,operator_seeded,True,speed_space_environment|target_competition_cluster|role_assignment_uncertainty,speed_space_environment,target_competition_cluster|role_assignment_uncertainty,team_context_joined:MIA,operator_seeded_unknown,MIA,day2_capital|round3_capital|round3_skill_capital|round3_wr_capital|target_room_competition_watch|year1_volume_uncertainty|landing_spot_role_review|role_path_review|opportunity_insulation_limited|dolphins_multi_pass_catcher_investment|speed_space_environment|target_competition_cluster|role_assignment_uncertainty,Team-level clustering of Day 2 pass-catcher picks can flatten individual Year 1 volume.|Role assignment within the Dolphins WR/TE ecosystem is still unsettled.|target_competition_cluster|role_assignment_uncertainty,True,True,True,WR2|WR3|rotational_wr,"[{""role"":""WR3"",""role_family"":""wide_receiver"",""role_description"":""Tertiary WR role tied to 11-personnel and game-script volume."",""expected_volume_range"":{""targets_low"":null,""targets_high"":null,""touches_low"":null,""touches_high"":null,""routes_low"":null,""routes_high"":null},""expected_red_zone_usage"":""unknown"",""expected_ppr_ppg_range"":{""low"":null,""high"":null},""role_stability"":""medium"",""positive_role_tags"":[""three_wr_set_access"",""injury_elevation_path""],""risk_role_tags"":[""package_dependency"",""low_weekly_floor""],""notes"":""Operator-seeded inspect-only v0 role profile."",""context_tags"":[],""risk_tags"":[],""source_status"":""operator_seeded""},{""role"":""rotational_wr"",""role_family"":""wide_receiver"",""role_description"":""Rotational WR role with package-specific route participation."",""expected_volume_range"":{""targets_low"":null,""targets_high"":null,""touches_low"":null,""touches_high"":null,""routes_low"":null,""routes_high"":null},""expected_red_zone_usage"":""unknown"",""expected_ppr_ppg_range"":{""low"":null,""high"":null},""role_stability"":""medium"",""positive_role_tags"":[""specialized_package_usage"",""depth_chart_climb_path""],""risk_role_tags"":[""snap_share_instability"",""target_floor_risk""],""notes"":""Operator-seeded inspect-only v0 role profile."",""context_tags"":[],""risk_tags"":[],""source_status"":""operator_seeded""}]","[{""role"":""WR2"",""role_family"":""wide_receiver"",""role_description"":""Secondary starting WR role in projected pass environment."",""expected_touch_range"":{""low"":0,""high"":2},""expected_target_range"":{""low"":5,""high"":9},""expected_route_participation_range"":{""low"":70,""high"":92},""expected_red_zone_usage"":""medium"",""expected_ppr_ppg_range"":{""low"":9,""high"":16},""volatility"":""medium_high"",""positive_role_tags"":[""starter_route_share"",""spike_week_potential""],""risk_role_tags"":[""target_competition"",""game_plan_variance""],""notes"":""Operator-seeded v0 range; calibrate with historical role outcomes later."",""context_tags"":[],""risk_tags"":[],""source_status"":""operator_seeded""},{""role"":""WR3"",""role_family"":""wide_receiver"",""role_description"":""Tertiary WR role with situational starter value in 11 personnel."",""expected_touch_range"":{""low"":0,""high"":1},""expected_target_range"":{""low"":3,""high"":7},""expected_route_participation_range"":{""low"":55,""high"":85},""expected_red_zone_usage"":""low"",""expected_ppr_ppg_range"":{""low"":6,""high"":12},""volatility"":""high"",""positive_role_tags"":[""three_wr_set_access"",""injury_bump_path""],""risk_role_tags"":[""weekly_floor_instability"",""package_dependency""],""notes"":""Operator-seeded v0 range; calibrate with historical role outcomes later."",""context_tags"":[],""risk_tags"":[],""source_status"":""operator_seeded""},{""role"":""rotational_wr"",""role_family"":""wide_receiver"",""role_description"":""Rotational WR role with package-based routes and inconsistent volume."",""expected_touch_range"":{""low"":0,""high"":1},""expected_target_range"":{""low"":1,""high"":5},""expected_route_participation_range"":{""low"":25,""high"":60},""expected_red_zone_usage"":""low"",""expected_ppr_ppg_range"":{""low"":2,""high"":9},""volatility"":""high"",""positive_role_tags"":[""specialized_usage"",""injury_upside_path""],""risk_role_tags"":[""low_weekly_floor"",""snap_share_instability""],""notes"":""Operator-seeded v0 range; calibrate with historical role outcomes later."",""context_tags"":[],""risk_tags"":[],""source_status"":""operator_seeded""}]",,,role_opportunity_joined:MIA:WR2|WR3|rotational_wr,operator_seeded,day2_capital|round3_capital|round3_skill_capital|round3_wr_capital|target_room_competition_watch|year1_volume_uncertainty|landing_spot_role_review|role_path_review|opportunity_insulation_limited|dolphins_multi_pass_catcher_investment|speed_space_environment|target_competition_cluster|role_assignment_uncertainty,Team-level clustering of Day 2 pass-catcher picks can flatten individual Year 1 volume.|Role assignment within the Dolphins WR/TE ecosystem is still unsettled.|target_competition_cluster|role_assignment_uncertainty
wr-zavion-thomas,Zavion Thomas,WR,33.5,32.2,-1.3,talent_confirmation:round3_skill_capital|opportunity_insulation:signal_bonus|risk:target_room_competition_watch|risk:year1_volume_uncertainty,3,89,Bears,moderate,limited,strong,day2_capital|round3_capital|round3_skill_capital|round3_wr_capital|target_room_competition_watch|year1_volume_uncertainty|landing_spot_role_review|role_path_review|opportunity_insulation_limited,Specialized deployment can produce uneven week-to-week fantasy volume.|Competition dynamics may slow immediate route-share stabilization.,day2,operator_seeded,True,young_qb_growth_environment|target_hierarchy_uncertainty|role_competition_risk,young_qb_growth_environment,target_hierarchy_uncertainty|role_competition_risk,team_context_joined:CHI,operator_seeded_unknown,CHI,day2_capital|round3_capital|round3_skill_capital|round3_wr_capital|target_room_competition_watch|year1_volume_uncertainty|landing_spot_role_review|role_path_review|opportunity_insulation_limited|young_qb_growth_environment|target_hierarchy_uncertainty|role_competition_risk,Specialized deployment can produce uneven week-to-week fantasy volume.|Competition dynamics may slow immediate route-share stabilization.|target_hierarchy_uncertainty|role_competition_risk,True,True,True,WR2|WR3|rotational_wr,"[{""role"":""WR3"",""role_family"":""wide_receiver"",""role_description"":""Tertiary WR role tied to 11-personnel and game-script volume."",""expected_volume_range"":{""targets_low"":null,""targets_high"":null,""touches_low"":null,""touches_high"":null,""routes_low"":null,""routes_high"":null},""expected_red_zone_usage"":""unknown"",""expected_ppr_ppg_range"":{""low"":null,""high"":null},""role_stability"":""medium"",""positive_role_tags"":[""three_wr_set_access"",""injury_elevation_path""],""risk_role_tags"":[""package_dependency"",""low_weekly_floor""],""notes"":""Operator-seeded inspect-only v0 role profile."",""context_tags"":[],""risk_tags"":[],""source_status"":""operator_seeded""}]","[{""role"":""WR2"",""role_family"":""wide_receiver"",""role_description"":""Secondary starting WR role in projected pass environment."",""expected_touch_range"":{""low"":0,""high"":2},""expected_target_range"":{""low"":5,""high"":9},""expected_route_participation_range"":{""low"":70,""high"":92},""expected_red_zone_usage"":""medium"",""expected_ppr_ppg_range"":{""low"":9,""high"":16},""volatility"":""medium_high"",""positive_role_tags"":[""starter_route_share"",""spike_week_potential""],""risk_role_tags"":[""target_competition"",""game_plan_variance""],""notes"":""Operator-seeded v0 range; calibrate with historical role outcomes later."",""context_tags"":[],""risk_tags"":[],""source_status"":""operator_seeded""},{""role"":""WR3"",""role_family"":""wide_receiver"",""role_description"":""Tertiary WR role with situational starter value in 11 personnel."",""expected_touch_range"":{""low"":0,""high"":1},""expected_target_range"":{""low"":3,""high"":7},""expected_route_participation_range"":{""low"":55,""high"":85},""expected_red_zone_usage"":""low"",""expected_ppr_ppg_range"":{""low"":6,""high"":12},""volatility"":""high"",""positive_role_tags"":[""three_wr_set_access"",""injury_bump_path""],""risk_role_tags"":[""weekly_floor_instability"",""package_dependency""],""notes"":""Operator-seeded v0 range; calibrate with historical role outcomes later."",""context_tags"":[],""risk_tags"":[],""source_status"":""operator_seeded""},{""role"":""rotational_wr"",""role_family"":""wide_receiver"",""role_description"":""Rotational WR role with package-based routes and inconsistent volume."",""expected_touch_range"":{""low"":0,""high"":1},""expected_target_range"":{""low"":1,""high"":5},""expected_route_participation_range"":{""low"":25,""high"":60},""expected_red_zone_usage"":""low"",""expected_ppr_ppg_range"":{""low"":2,""high"":9},""volatility"":""high"",""positive_role_tags"":[""specialized_usage"",""injury_upside_path""],""risk_role_tags"":[""low_weekly_floor"",""snap_share_instability""],""notes"":""Operator-seeded v0 range; calibrate with historical role outcomes later."",""context_tags"":[],""risk_tags"":[],""source_status"":""operator_seeded""}]",,,role_opportunity_joined:CHI:WR2|WR3|rotational_wr,operator_seeded,day2_capital|round3_capital|round3_skill_capital|round3_wr_capital|target_room_competition_watch|year1_volume_uncertainty|landing_spot_role_review|role_path_review|opportunity_insulation_limited|young_qb_growth_environment|target_hierarchy_uncertainty|role_competition_risk,Specialized deployment can produce uneven week-to-week fantasy volume.|Competition dynamics may slow immediate route-share stabilization.|target_hierarchy_uncertainty|role_competition_risk
te-will-kacmarek,Will Kacmarek,TE,29.2,30.3,1.1,talent_confirmation:round3_skill_capital|opportunity_insulation:signal_bonus|risk:delayed_te_translation_watch,3,87,Dolphins,mixed,limited,delayed,day2_capital|round3_capital|round3_skill_capital|round3_te_capital|delayed_te_translation_watch|role_translation_watch|role_path_review|opportunity_insulation_limited|dolphins_multi_pass_catcher_investment,TE translation pace can delay early fantasy contribution.|Concurrent Dolphins pass-catcher investments may limit immediate route/target volume.,day2,operator_seeded,True,speed_space_environment|target_competition_cluster|role_assignment_uncertainty,speed_space_environment,target_competition_cluster|role_assignment_uncertainty,team_context_joined:MIA,operator_seeded_unknown,MIA,day2_capital|round3_capital|round3_skill_capital|round3_te_capital|delayed_te_translation_watch|role_translation_watch|role_path_review|opportunity_insulation_limited|dolphins_multi_pass_catcher_investment|speed_space_environment|target_competition_cluster|role_assignment_uncertainty,TE translation pace can delay early fantasy contribution.|Concurrent Dolphins pass-catcher investments may limit immediate route/target volume.|target_competition_cluster|role_assignment_uncertainty,True,False,False,,,,,,no_heuristic_role_match:MIA,operator_seeded,day2_capital|round3_capital|round3_skill_capital|round3_te_capital|delayed_te_translation_watch|role_translation_watch|role_path_review|opportunity_insulation_limited|dolphins_multi_pass_catcher_investment|speed_space_environment|target_competition_cluster|role_assignment_uncertainty,TE translation pace can delay early fantasy contribution.|Concurrent Dolphins pass-catcher investments may limit immediate route/target volume.|target_competition_cluster|role_assignment_uncertainty
rb-kaelon-black,Kaelon Black,RB,0.0,0.0,0.0,baseline:predraft_missing_pass_through,3,90,49ers,moderate,limited,strong,day2_capital|round3_capital|round3_skill_capital|round3_rb_capital|scarce_day2_rb_capital|workload_path_review|role_competition_watch|role_path_review|opportunity_insulation_limited,Backfield role competition can quickly reshape touch expectations.|Round 3 RB capital does not guarantee multi-year workload insulation.,day2,operator_seeded,True,shanahan_efficiency_environment|yac_creation_scheme|low_pass_volume_risk|role_specific_usage_dependency|day2_49ers_skill_pick_hit_rate_caution,shanahan_efficiency_environment|yac_creation_scheme,low_pass_volume_risk|role_specific_usage_dependency|day2_49ers_skill_pick_hit_rate_caution,team_context_joined:SF,operator_seeded_unknown,SF,day2_capital|round3_capital|round3_skill_capital|round3_rb_capital|scarce_day2_rb_capital|workload_path_review|role_competition_watch|role_path_review|opportunity_insulation_limited|shanahan_efficiency_environment|yac_creation_scheme|low_pass_volume_risk|role_specific_usage_dependency|day2_49ers_skill_pick_hit_rate_caution,Backfield role competition can quickly reshape touch expectations.|Round 3 RB capital does not guarantee multi-year workload insulation.|low_pass_volume_risk|role_specific_usage_dependency|day2_49ers_skill_pick_hit_rate_caution,True,False,False,,,,,,no_heuristic_role_match:SF,operator_seeded,day2_capital|round3_capital|round3_skill_capital|round3_rb_capital|scarce_day2_rb_capital|workload_path_review|role_competition_watch|role_path_review|opportunity_insulation_limited|shanahan_efficiency_environment|yac_creation_scheme|low_pass_volume_risk|role_specific_usage_dependency|day2_49ers_skill_pick_hit_rate_caution,Backfield role competition can quickly reshape touch expectations.|Round 3 RB capital does not guarantee multi-year workload insulation.|low_pass_volume_risk|role_specific_usage_dependency|day2_49ers_skill_pick_hit_rate_caution
